ix,iy,iz,gamma_dose_Sv_per_h,neutron_dose_Sv_per_h,total_dose_Sv_per_h,gamma_flux_cm2_s_per_primary,neutron_flux_cm2_s_per_primary
88,113,47,0.340282,0,0.340282,1.199e-08,0
89,114,47,0.0199923,0,0.0199923,4.79728e-10,0
87,113,48,0.0367604,0,0.0367604,1.28762e-08,0
88,113,48,0.04217,0,0.04217,1.50695e-08,0
88,114,48,0.0799164,0,0.0799164,1.78185e-08,0
89,114,48,0.289579,0,0.289579,2.3023e-08,0
94,120,49,0.136516,0,0.136516,2.29043e-08,0
94,120,50,0.250916,0,0.250916,2.76566e-08,0
97,128,50,0.049418,0,0.049418,5.93023e-09,0
98,128,50,0.0737043,0,0.0737043,2.55254e-08,0
102,128,50,0.0151996,0,0.0151996,4.35213e-09,0
97,129,50,0.272774,0,0.272774,6.25978e-08,0
101,129,50,0.0439552,0,0.0439552,1.15549e-08,0
102,129,50,0.087433,0,0.087433,2.93182e-08,0
96,131,50,0.418317,0,0.418317,1.3051e-08,0
97,131,50,0.0297298,0,0.0297298,9.14429e-09,0
95,120,51,0.131323,0,0.131323,1.10161e-08,0
107,121,51,0.0472038,0,0.0472038,1.64339e-08,0
101,122,51,0,0.636688,0.636688,0,2.11373e-08
105,122,51,0.080881,0,0.080881,1.23522e-08,0
107,122,51,0.282388,0,0.282388,6.77608e-09,0
101,123,51,0,0.450783,0.450783,0,1.32083e-08
104,123,51,0.0959812,0,0.0959812,9.99878e-09,0
103,125,51,0.171442,0,0.171442,4.11386e-09,0
104,125,51,0.0788942,0,0.0788942,1.46711e-08,0
95,128,51,0.190795,0,0.190795,2.41591e-08,0
101,128,51,0.015619,0,0.015619,3.74788e-10,0
102,128,51,0.0102496,0,0.0102496,3.42401e-09,0
95,129,51,0.0332373,0,0.0332373,9.8222e-09,0
97,129,51,0.123486,0,0.123486,9.66665e-09,0
102,129,51,0.175669,0,0.175669,3.55788e-08,0
97,132,51,0.0405969,0,0.0405969,8.61648e-09,0
93,117,52,0.14247,0,0.14247,8.49581e-09,0
94,117,52,0.0485164,0,0.0485164,1.55042e-08,0
93,118,52,0.00437892,0,0.00437892,1.5153e-09,0
94,120,52,0.660992,0,0.660992,2.66158e-08,0
95,120,52,0.103994,0,0.103994,1.10607e-08,0
98,121,52,0.000150058,0,0.000150058,3.60073e-12,0
101,121,52,0.48923,0,0.48923,1.22626e-08,0
106,121,52,0.0791437,0,0.0791437,1.4771e-08,0
107,121,52,0.0386761,0,0.0386761,1.01781e-08,0
95,122,52,0,0.854719,0.854719,0,2.41614e-08
98,122,52,0.378329,0,0.378329,3.6846e-08,0
99,122,52,0.100373,0,0.100373,8.83333e-09,0
100,122,52,0,0.674294,0.674294,0,1.54712e-08
101,122,52,0,0.457173,0.457173,0,1.55391e-08
102,122,52,0.136141,0,0.136141,2.7217e-08,0
103,122,52,0.031101,0,0.031101,9.72492e-09,0
104,122,52,0.391847,0,0.391847,2.26187e-08,0
106,122,52,0.220843,0,0.220843,2.95048e-08,0
97,123,52,0.0719746,0,0.0719746,1.39214e-08,0
100,123,52,0,0.845683,0.845683,0,2.12619e-08
102,123,52,0.0316811,0.300936,0.332617,8.35611e-09,8.12431e-09
103,123,52,0.395369,0,0.395369,3.46509e-08,0
104,123,52,0.306006,0,0.306006,3.22243e-08,0
96,124,52,0.0283124,0.651497,0.679809,9.45285e-09,1.60182e-08
97,124,52,0,0.119201,0.119201,0,2.80581e-09
96,125,52,0,1.30209,1.30209,0,3.14634e-08
97,125,52,0,0.112416,0.112416,0,2.65871e-09
96,126,52,0,0.859284,0.859284,0,2.35381e-08
97,126,52,0,0.890806,0.890806,0,1.98315e-08
102,128,52,0.524938,0,0.524938,2.39808e-08,0
103,128,52,0.336177,0,0.336177,4.7422e-08,0
101,129,52,0.0552093,0,0.0552093,6.3891e-09,0
101,130,52,0.637108,0,0.637108,1.67279e-08,0
102,132,52,0.0531422,0,0.0531422,2.23741e-09,0
94,117,53,0.134091,0,0.134091,1.68951e-08,0
91,119,53,0.134598,0,0.134598,8.85145e-09,0
93,119,53,0.54148,0,0.54148,2.92453e-08,0
94,119,53,2.99858,0,2.99858,1.73397e-07,0
95,119,53,0.0780403,0,0.0780403,2.06709e-08,0
101,119,53,0,1.03311,1.03311,0,2.41566e-08
90,120,53,0.0167482,0,0.0167482,5.13052e-09,0
91,120,53,0.0222791,0,0.0222791,7.19069e-09,0
93,120,53,0.133123,0,0.133123,2.80625e-08,0
94,120,53,0.30732,0.173469,0.480789,2.65525e-08,6.93751e-09
95,120,53,0.216898,0,0.216898,2.73938e-08,0
100,120,53,0,0.28429,0.28429,0,6.63508e-09
101,120,53,0,2.98588,2.98588,0,7.47585e-08
102,120,53,0,1.08001,1.08001,0,2.91349e-08
103,120,53,0,0.664668,0.664668,0,1.64252e-08
93,121,53,0.00823381,0,0.00823381,2.86039e-09,0
94,121,53,0.0167901,0,0.0167901,5.85356e-09,0
95,121,53,0.0192174,0,0.0192174,6.57629e-09,0
102,121,53,0.0982008,0.378767,0.476968,2.01311e-08,7.74396e-09
103,121,53,0,0.77598,0.77598,0,1.75491e-08
105,121,53,0.13646,0,0.13646,3.27445e-09,0
93,122,53,0,0.184255,0.184255,0,4.34369e-09
94,122,53,0.257566,1.51524,1.77281,1.67308e-08,3.20902e-08
95,122,53,0.110348,0,0.110348,2.9016e-08,0
96,122,53,0,1.75538,1.75538,0,2.15594e-08
99,122,53,0,0.693564,0.693564,0,1.39419e-08
101,122,53,0.222572,0,0.222572,2.0313e-08,0
102,122,53,0.136059,0,0.136059,1.14788e-08,0
103,122,53,3.22761,0.451728,3.67934,1.75063e-07,1.22927e-08
105,122,53,0.0208145,0,0.0208145,7.35316e-09,0
106,122,53,0.0293689,0,0.0293689,1.00005e-08,0
95,123,53,0.0454501,0.736986,0.782436,1.53742e-08,2.10849e-08
96,123,53,0.04781,1.08265,1.13046,1.04733e-08,1.29847e-08
97,123,53,0.0171687,0,0.0171687,6.15488e-09,0
99,123,53,0,0.868157,0.868157,0,2.1868e-08
102,123,53,0.0971427,0.670914,0.768057,2.8197e-09,1.60504e-08
103,123,53,0.15063,0.446056,0.596686,4.0916e-08,1.24209e-08
104,123,53,0.0221607,0,0.0221607,5.93561e-09,0
97,124,53,4.09544,0.171005,4.26645,9.80053e-08,5.18148e-09
101,125,53,0.0438352,0,0.0438352,1.54561e-08,0
96,126,53,0,0.986368,0.986368,0,2.56397e-08
97,126,53,0,0.236385,0.236385,0,5.70715e-09
96,127,53,0,0.352185,0.352185,0,7.06273e-09
102,127,53,0.486131,0,0.486131,2.03946e-08,0
100,128,53,0,61.2571,61.2571,0,3.85419e-08
102,128,53,0,7.24471,7.24471,0,4.51255e-09
103,128,53,0,31.0196,31.0196,0,1.93235e-08
97,129,53,0.473577,0,0.473577,6.09538e-08,0
103,130,53,0.0637432,0,0.0637432,1.50891e-08,0
94,131,53,0.336353,0,0.336353,1.40222e-08,0
102,131,53,0.00392239,0,0.00392239,1.0174e-09,0
103,131,53,0.0309596,0,0.0309596,8.3238e-09,0
102,132,53,0.0551065,0,0.0551065,1.86218e-08,0
110,133,53,0,1.01852,1.01852,0,2.33001e-08
109,134,53,0,0.171585,0.171585,0,4.37227e-09
111,134,53,0.154366,0,0.154366,1.49192e-08,0
105,115,54,0.0412691,0,0.0412691,1.4045e-08,0
104,116,54,0.115036,0,0.115036,5.97921e-09,0
105,116,54,0.0171622,0,0.0171622,6.04783e-09,0
90,119,54,0.0947354,0,0.0947354,1.59916e-08,0
95,119,54,0,0.283773,0.283773,0,8.51658e-09
101,119,54,0,0.34115,0.34115,0,7.96137e-09
102,119,54,0,0.422284,0.422284,0,1.04655e-08
103,119,54,0.00558147,0,0.00558147,1.03021e-09,0
104,119,54,0.0252745,0,0.0252745,6.21094e-09,0
90,120,54,0.0721133,0,0.0721133,2.52776e-09,0
94,120,54,0.607145,0.855936,1.46308,5.78418e-08,2.09645e-08
95,120,54,0,1.22083,1.22083,0,3.24224e-08
97,120,54,0,1.43716,1.43716,0,1.00827e-08
99,120,54,3.29252,0,3.29252,4.45668e-08,0
101,120,54,0,3.45231,3.45231,0,8.47183e-08
104,120,54,0.441225,0,0.441225,3.69508e-08,0
105,120,54,0.104438,0,0.104438,6.61382e-09,0
89,121,54,0,1.58254,1.58254,0,3.56596e-08
90,121,54,0.245304,0.666465,0.911769,3.18525e-08,1.56928e-08
97,121,54,0,0.958625,0.958625,0,1.95874e-08
99,121,54,0.258437,0.507276,0.765713,2.54169e-08,1.21568e-08
103,121,54,0.301441,0,0.301441,1.96611e-08,0
90,122,54,0,0.060175,0.060175,0,1.21675e-09
93,122,54,0,0.742937,0.742937,0,1.89869e-08
94,122,54,0,2.11911,2.11911,0,4.24848e-08
99,122,54,0.294498,0,0.294498,1.49029e-08,0
101,122,54,0.218936,0,0.218936,2.23523e-08,0
103,122,54,0.352291,0,0.352291,2.11735e-08,0
92,123,54,0,1.40922,1.40922,0,3.15924e-08
93,123,54,0,0.906917,0.906917,0,1.98401e-08
94,123,54,0,1.19367,1.19367,0,3.21921e-08
95,123,54,0.156408,0.374159,0.530567,2.73996e-08,8.58408e-09
97,123,54,1.21418,4.18903,5.4032,3.11659e-08,2.73486e-08
99,123,54,0.0575419,0.35345,0.410991,1.58218e-08,1.20191e-08
100,123,54,0.229265,0,0.229265,5.50135e-09,0
92,124,54,0,0.752065,0.752065,0,1.56517e-08
93,124,54,0,0.391915,0.391915,0,9.03726e-09
94,124,54,0.320628,0,0.320628,3.4293e-08,0
97,125,54,0,0.612579,0.612579,0,1.60473e-08
101,125,54,0.526988,0,0.526988,2.04913e-08,0
96,126,54,0,1.05149,1.05149,0,2.17729e-08
97,126,54,0,0.20699,0.20699,0,7.43348e-09
101,127,54,0,18.7869,18.7869,0,1.20146e-08
95,128,54,0,1.34088,1.34088,0,6.41632e-09
96,128,54,0,1.61306,1.61306,0,1.94021e-08
100,128,54,0,7.67857,7.67857,0,4.86482e-09
102,128,54,0,61.4218,61.4218,0,3.8217e-08
106,128,54,0,0.506788,0.506788,0,1.17679e-08
107,128,54,0.446937,1.50762,1.95456,2.63864e-08,3.69247e-08
99,129,54,0,0.757961,0.757961,0,1.34452e-08
100,129,54,0,0.211626,0.211626,0,7.0333e-09
101,129,54,0,0.789171,0.789171,0,2.1381e-08
107,129,54,0,2.36809,2.36809,0,5.684e-08
109,129,54,0,0.359083,0.359083,0,8.05414e-09
90,130,54,0,0.760492,0.760492,0,2.33278e-08
102,130,54,0.114628,0,0.114628,2.75056e-09,0
103,130,54,0.0283391,0,0.0283391,9.90877e-09,0
104,130,54,0,0.31696,0.31696,0,9.46965e-09
93,131,54,0.427767,0,0.427767,1.87998e-08,0
101,131,54,0.031635,0,0.031635,7.22178e-09,0
105,131,54,0.0116085,0,0.0116085,3.30702e-09,0
93,132,54,0.207923,0,0.207923,1.94167e-08,0
94,132,54,0.0330344,0,0.0330344,8.04215e-09,0
101,132,54,0.0278326,0,0.0278326,7.47749e-09,0
102,132,54,0.211832,0,0.211832,3.40351e-08,0
105,132,54,0.0292725,0,0.0292725,1.02594e-08,0
108,132,54,0.644464,0,0.644464,1.54643e-08,0
90,133,54,0.0717593,0,0.0717593,1.46359e-08,0
94,133,54,0.0580104,0,0.0580104,1.38177e-08,0
101,133,54,0.140695,0,0.140695,1.57884e-08,0
107,133,54,0,0.814752,0.814752,0,1.58864e-08
109,133,54,0.0653195,0,0.0653195,1.66102e-08,0
110,133,54,0.206888,1.08239,1.28928,9.45144e-09,2.47806e-08
111,133,54,0.0605881,0.0831195,0.143708,7.32904e-09,1.86554e-09
112,133,54,0.0419113,0,0.0419113,5.62608e-09,0
101,134,54,0.0748867,0,0.0748867,1.57662e-08,0
109,134,54,0,0.286825,0.286825,0,6.4767e-09
110,134,54,0,1.22439,1.22439,0,2.83101e-08
111,134,54,0.339598,0.938639,1.27824,8.37679e-08,2.24939e-08
112,134,54,0.100477,0.812686,0.913163,2.20247e-08,1.91064e-08
100,135,54,0,1.93579,1.93579,0,2.27739e-08
111,135,54,0,0.515622,0.515622,0,1.58371e-08
100,136,54,0,3.68178,3.68178,0,2.1877e-08
105,115,55,0.0210739,0,0.0210739,5.74131e-09,0
98,116,55,0,6.55799,6.55799,0,8.90051e-09
99,116,55,0,17.5011,17.5011,0,2.37525e-08
104,116,55,0.185556,0,0.185556,2.6549e-08,0
94,117,55,0,47.6887,47.6887,0,3.30549e-08
98,117,55,0.29676,47.1684,47.4652,3.47041e-08,3.94004e-08
104,117,55,0.0593793,0.794776,0.854156,6.16459e-09,2.01654e-08
105,117,55,0,0.197176,0.197176,0,4.74724e-09
93,118,55,0,267.042,267.042,0,4.18159e-07
94,118,55,0,104.116,104.116,0,1.13016e-07
95,118,55,0,20.5522,20.5522,0,1.27914e-08
96,118,55,3.29871,0,3.29871,1.76314e-07,0
98,118,55,0,18.5917,18.5917,0,1.21738e-08
99,118,55,0,13.262,13.262,0,1.31295e-08
102,118,55,0,16.0458,16.0458,0,3.93189e-07
104,118,55,0,13.3375,13.3375,0,2.85957e-07
96,119,55,0,318.329,318.329,0,2.75513e-07
97,119,55,0,0.365582,0.365582,0,8.04496e-09
98,119,55,1.21264,0.442494,1.65513,2.39345e-07,8.59977e-09
99,119,55,0,14.1503,14.1503,0,1.54883e-08
100,119,55,0,57.8612,57.8612,0,6.34965e-08
102,119,55,0,5.17705,5.17705,0,1.11453e-07
103,119,55,0.0348425,10.9301,10.965,1.15144e-08,2.17445e-07
104,119,55,0.115102,0,0.115102,2.09927e-08,0
94,120,55,1.54557,0.787284,2.33285,3.15722e-07,1.7222e-08
95,120,55,0.371998,100.587,100.959,2.41435e-08,8.99375e-08
96,120,55,0,1.59778,1.59778,0,1.9792e-08
97,120,55,0,7.64925,7.64925,0,6.48717e-08
99,120,55,0.22276,0.329502,0.552262,2.1662e-08,9.79673e-09
100,120,55,0,17.1292,17.1292,0,1.52333e-08
101,120,55,0,2.8359,2.8359,0,5.14312e-08
102,120,55,0,2.17894,2.17894,0,3.60776e-08
103,120,55,0.0218011,1.9369,1.9587,7.39575e-09,4.22663e-08
104,120,55,0.0544434,0,0.0544434,1.98188e-08,0
89,121,55,0,0.24067,0.24067,0,5.41357e-09
90,121,55,0,0.635332,0.635332,0,1.73856e-08
95,121,55,0.812565,26.9543,27.7669,3.68562e-08,2.01655e-08
96,121,55,0,22.7771,22.7771,0,1.57668e-07
97,121,55,0,17.2431,17.2431,0,4.88475e-08
98,121,55,0,1.47874,1.47874,0,3.19537e-08
99,121,55,0,7.30119,7.30119,0,1.52959e-07
100,121,55,0.119105,209.202,209.321,2.15154e-08,2.63385e-07
101,121,55,0,0.846648,0.846648,0,1.97829e-08
102,121,55,0,16.1399,16.1399,0,4.01903e-07
103,121,55,0.00433607,0,0.00433607,1.47734e-09,0
104,121,55,0.0350216,0,0.0350216,1.02544e-08,0
106,121,55,0,0.17838,0.17838,0,5.12607e-09
89,122,55,0,0.448418,0.448418,0,1.01536e-08
90,122,55,0,1.94887,1.94887,0,2.96888e-08
91,122,55,0.0348097,0,0.0348097,3.72357e-09,0
94,122,55,0,1.97797,1.97797,0,1.26671e-08
96,122,55,0,6.73557,6.73557,0,2.83738e-08
97,122,55,5.17008,0,5.17008,1.32708e-07,0
99,122,55,0,0.322406,0.322406,0,6.3028e-09
102,122,55,0,0.713112,0.713112,0,1.39913e-08
103,122,55,0.049979,0,0.049979,8.71582e-09,0
104,122,55,0.0928462,22.9185,23.0114,1.69248e-08,1.42823e-08
105,122,55,0.430774,35.0409,35.4716,1.18841e-08,4.10825e-08
106,122,55,1.05388,0.913244,1.96712,2.90741e-08,8.65867e-09
91,123,55,0.0202037,0,0.0202037,6.94566e-09,0
92,123,55,0.450333,0.439276,0.889609,5.1497e-08,1.20496e-08
93,123,55,0,0.303226,0.303226,0,8.06453e-09
94,123,55,0,2.9338,2.9338,0,4.42493e-08
95,123,55,0,8.05197,8.05197,0,2.39948e-08
96,123,55,0,0.810721,0.810721,0,4.01141e-09
97,123,55,0,4.16339,4.16339,0,2.36194e-08
98,123,55,0,12.6042,12.6042,0,3.39983e-08
99,123,55,0,0.460675,0.460675,0,1.57249e-08
100,123,55,0.0404411,0,0.0404411,1.26942e-08,0
101,123,55,3.55552,0,3.55552,3.63002e-07,0
103,123,55,0.0159381,0,0.0159381,5.39345e-09,0
104,123,55,0.955636,38.223,39.1786,4.76521e-08,2.53953e-08
92,124,55,0.0982953,0.237739,0.336034,3.52733e-09,5.9369e-09
95,124,55,0.69605,0,0.69605,2.15266e-07,0
101,124,55,0.0605399,0,0.0605399,1.6559e-08,0
102,124,55,0.015675,0,0.015675,5.30442e-09,0
103,124,55,0.271556,0,0.271556,9.18945e-08,0
104,124,55,0.188757,0,0.188757,3.38932e-08,0
106,124,55,0,6.0731,6.0731,0,1.19825e-07
92,125,55,0.0626131,0,0.0626131,2.07569e-08,0
93,125,55,0.0240515,0,0.0240515,3.21027e-09,0
94,125,55,1.88683,0,1.88683,3.63041e-07,0
97,125,55,0,2.13731,2.13731,0,5.15911e-08
101,125,55,0.303901,0,0.303901,1.10525e-08,0
102,125,55,0.254448,0,0.254448,2.60486e-08,0
104,125,55,0.00737444,0,0.00737444,2.60758e-09,0
97,126,55,0,1.88779,1.88779,0,4.44851e-08
98,126,55,0,0.131429,0.131429,0,3.3368e-09
101,127,55,0,35.7686,35.7686,0,2.29917e-08
102,127,55,0.863588,0,0.863588,2.99537e-08,0
103,127,55,0.124515,0,0.124515,3.95296e-09,0
106,127,55,0,0.67506,0.67506,0,2.29456e-08
91,128,55,0,14.198,14.198,0,2.10842e-08
93,128,55,0,6.83929,6.83929,0,1.53909e-07
95,128,55,0,28.38,28.38,0,2.8613e-08
96,128,55,0,11.1241,11.1241,0,2.32615e-07
99,128,55,1.02761,0,1.02761,4.17223e-08,0
100,128,55,0,19.583,19.583,0,1.2183e-08
106,128,55,2.86784,0,2.86784,6.88156e-08,0
107,128,55,0,3.43251,3.43251,0,7.94964e-08
108,128,55,0,1.34391,1.34391,0,3.15374e-08
109,128,55,0,0.0157724,0.0157724,0,4.4826e-10
91,129,55,0,4.82261,4.82261,0,1.12744e-07
92,129,55,0,22.8978,22.8978,0,6.92101e-08
99,129,55,0,1.19886,1.19886,0,1.57472e-08
100,129,55,0,13.3886,13.3886,0,2.67643e-07
102,129,55,0.182237,0,0.182237,2.63049e-08,0
103,129,55,0.0568323,0,0.0568323,1.40454e-08,0
104,129,55,0.283198,3.99717,4.28037,3.94137e-08,3.65165e-09
105,129,55,0.0810043,2.83047,2.91147,1.19166e-08,5.72458e-08
106,129,55,0.89674,0.222856,1.1196,1.11482e-07,4.50723e-09
107,129,55,0,1.53412,1.53412,0,3.72727e-08
108,129,55,0.558869,0.472151,1.03102,1.94773e-08,1.04178e-08
109,129,55,0.244081,0.677649,0.92173,6.73364e-09,1.47867e-08
89,130,55,0,7.05792,7.05792,0,2.4677e-08
90,130,55,0,1.7802,1.7802,0,4.0092e-08
91,130,55,0.490799,1.64428,2.13508,6.00398e-09,3.36389e-08
92,130,55,0.0826345,0,0.0826345,2.71138e-08,0
103,130,55,0.107092,0,0.107092,2.56974e-09,0
104,130,55,0.0764463,127.516,127.592,2.32091e-08,1.39112e-07
105,130,55,1.06177,1.59197,2.65374,1.46613e-07,3.55137e-08
106,130,55,0.080993,9.58342,9.66441,1.0069e-08,1.02359e-08
89,131,55,0,11.639,11.639,0,2.77438e-08
91,131,55,0.832508,0,0.832508,2.18819e-08,0
92,131,55,0.0409515,0,0.0409515,8.81835e-09,0
101,131,55,0.0938911,0,0.0938911,8.06736e-09,0
102,131,55,0.200809,0,0.200809,2.59311e-08,0
103,131,55,0,35.7683,35.7683,0,2.97679e-08
104,131,55,0,9.17465,9.17465,0,7.36279e-09
105,131,55,0.0149774,43.8819,43.8969,4.15114e-09,2.96998e-08
106,131,55,0,21.6582,21.6582,0,8.17143e-08
107,131,55,0,0.0508094,0.0508094,0,1.22451e-09
90,132,55,0.02603,0,0.02603,9.03032e-09,0
91,132,55,0.191335,0,0.191335,4.05362e-08,0
92,132,55,0.882089,0,0.882089,8.11649e-08,0
100,132,55,0.340622,0,0.340622,2.94653e-08,0
101,132,55,0.711604,544.789,545.5,3.26317e-08,3.39622e-07
102,132,55,0,1.32134,1.32134,0,2.72413e-08
105,132,55,0.0422964,0,0.0422964,1.01493e-09,0
106,132,55,0,5.67379,5.67379,0,5.25716e-08
107,132,55,0,0.432949,0.432949,0,9.3382e-09
108,132,55,0,1.27382,1.27382,0,3.0454e-08
90,133,55,0.0324236,0,0.0324236,1.12707e-08,0
91,133,55,0.0266293,0,0.0266293,6.38987e-10,0
101,133,55,0,0.454246,0.454246,0,1.07518e-08
102,133,55,0.429494,0.987154,1.41665,1.92256e-08,2.44321e-08
106,133,55,0,3.11853,3.11853,0,3.19308e-08
107,133,55,0,1.49529,1.49529,0,3.09496e-08
108,133,55,0.0589596,0.536667,0.595627,1.8642e-08,1.13702e-08
109,133,55,0.109571,0,0.109571,9.22543e-09,0
110,133,55,0.914198,1.4532,2.36739,9.25561e-08,3.59804e-08
111,133,55,0.257235,0,0.257235,2.6639e-08,0
100,134,55,0,10.5824,10.5824,0,3.5576e-08
101,134,55,0,16.4828,16.4828,0,4.68784e-08
102,134,55,0.0634552,0,0.0634552,1.79231e-08,0
110,134,55,0,0.323503,0.323503,0,7.65298e-09
111,134,55,3.09753,1.26551,4.36305,8.07614e-08,3.24719e-08
100,135,55,0,1.29682,1.29682,0,7.21736e-09
101,135,55,0.122473,6.76077,6.88324,7.08828e-09,3.88564e-08
111,135,55,0.0822955,0,0.0822955,2.99089e-09,0
103,113,56,0,6.13663,6.13663,0,7.95114e-09
104,113,56,0,11.1562,11.1562,0,1.94229e-08
105,113,56,0,3.17444,3.17444,0,5.82775e-09
86,114,56,0.342199,0,0.342199,1.91256e-08,0
87,114,56,0.099625,0,0.099625,1.9052e-08,0
104,114,56,0,3.98443,3.98443,0,7.29663e-09
105,114,56,0,18.6018,18.6018,0,3.61256e-08
86,115,56,0.0480419,0,0.0480419,1.18558e-08,0
87,115,56,0.0375946,0,0.0375946,1.30874e-08,0
93,116,56,0,16.5343,16.5343,0,1.17589e-08
95,116,56,1.10733,0,1.10733,1.03619e-07,0
96,116,56,0.356705,0,0.356705,1.14527e-07,0
97,116,56,0.0342075,0,0.0342075,8.34204e-09,0
100,116,56,0,179.97,179.97,0,2.52683e-07
103,116,56,0.00272713,0,0.00272713,6.54393e-11,0
86,117,56,0,0.462584,0.462584,0,9.82564e-09
86,118,56,0,0.139564,0.139564,0,3.16597e-09
87,118,56,0,0.664213,0.664213,0,1.78469e-08
91,118,56,0,24.516,24.516,0,3.55799e-08
87,119,56,0,1.04992,1.04992,0,3.3553e-08
88,119,56,0,0.0831657,0.0831657,0,2.65877e-09
91,119,56,0,5.41035,5.41035,0,7.84668e-09
107,121,56,0.216566,0,0.216566,5.97456e-09,0
90,122,56,0,0.71722,0.71722,0,3.07645e-09
90,123,56,0,5.16043,5.16043,0,2.19128e-08
108,126,56,0,0.511866,0.511866,0,1.74808e-08
107,127,56,0,0.329902,0.329902,0,1.12573e-08
108,127,56,0,0.464182,0.464182,0,1.58523e-08
91,128,56,0,13.9817,13.9817,0,8.7062e-09
107,128,56,0.0297544,0.313752,0.343507,7.62523e-10,1.05645e-08
108,128,56,0,0.54504,0.54504,0,1.50654e-08
109,128,56,0,0.36062,0.36062,0,8.03291e-09
108,129,56,0.0142126,2.12045,2.13466,8.89778e-10,5.18528e-08
109,129,56,0,0.1612,0.1612,0,3.58428e-09
89,130,56,0,1.6053,1.6053,0,3.17091e-08
90,130,56,0.111215,1.12603,1.23725,2.68005e-09,2.21416e-08
91,130,56,8.1249,0.739038,8.86393,9.93924e-08,1.45304e-08
89,131,56,0,9.47611,9.47611,0,2.23722e-08
110,131,56,0.103974,0,0.103974,1.43547e-08,0
92,132,56,0.829524,0,0.829524,1.01471e-08,0
96,132,56,0,7.02614,7.02614,0,2.38185e-07
97,132,56,0.419725,0,0.419725,1.31367e-08,0
100,132,56,0.058037,0,0.058037,7.27482e-09,0
101,132,56,5.03316,0,5.03316,2.61106e-07,0
102,132,56,0,6.16948,6.16948,0,1.58008e-08
104,132,56,0,361.675,361.675,0,2.47584e-07
106,132,56,0,7.28751,7.28751,0,5.35598e-09
107,132,56,0,1.00163,1.00163,0,2.36054e-08
110,132,56,0,0.464303,0.464303,0,1.40032e-08
96,133,56,0,0.545891,0.545891,0,1.85113e-08
101,133,56,0,9.48982,9.48982,0,1.37366e-08
102,133,56,0,10.0408,10.0408,0,1.43656e-08
110,133,56,0,0.84231,0.84231,0,2.5441e-08
100,134,56,0,5.88122,5.88122,0,1.04265e-08
101,134,56,0,12.3254,12.3254,0,3.90912e-08
102,134,56,0,25.8431,25.8431,0,4.28203e-08
103,134,56,0,14.934,14.934,0,2.30001e-08
101,135,56,0,0.208213,0.208213,0,5.84193e-09
86,113,57,0.136793,0,0.136793,2.21895e-08,0
87,113,57,0.079421,0,0.079421,1.52987e-08,0
94,113,57,0,2.9216,2.9216,0,1.19542e-08
95,113,57,0,28.7509,28.7509,0,5.05467e-08
103,113,57,0,22.8919,22.8919,0,3.27927e-08
104,113,57,0,4.26288,4.26288,0,7.69171e-09
85,114,57,0.446668,0,0.446668,1.60108e-08,0
87,114,57,0.0817664,0,0.0817664,2.50577e-08,0
93,114,57,0,5.93308,5.93308,0,2.51815e-08
103,114,57,0,9.51651,9.51651,0,1.19751e-08
104,114,57,0,22.5095,22.5095,0,3.71864e-08
85,115,57,0,0.574389,0.574389,0,1.54469e-08
86,115,57,0.0163159,0.479591,0.495906,2.86824e-09,1.16012e-08
87,115,57,0.0520298,0,0.0520298,1.82893e-08,0
103,115,57,0,53.2651,53.2651,0,5.94366e-08
85,116,57,0,0.321593,0.321593,0,8.36281e-09
86,116,57,0,1.06414,1.06414,0,2.53942e-08
93,116,57,0,6.05844,6.05844,0,4.35643e-09
94,116,57,0,49.3797,49.3797,0,3.9601e-08
102,116,57,0,6.48415,6.48415,0,7.11567e-09
103,116,57,0.110899,415.73,415.841,8.64044e-09,2.74143e-07
104,116,57,0,3.50142,3.50142,0,7.62716e-08
85,117,57,0,0.404487,0.404487,0,9.24964e-09
86,117,57,0,3.07197,3.07197,0,6.55936e-08
87,117,57,0,0.94215,0.94215,0,1.88411e-08
91,117,57,0.155873,0,0.155873,3.77719e-09,0
86,118,57,0,0.84077,0.84077,0,2.0193e-08
87,118,57,0,0.841805,0.841805,0,2.26091e-08
88,118,57,0,0.302663,0.302663,0,6.32748e-09
89,118,57,0,2.05464,2.05464,0,3.47511e-08
87,119,57,0,0.737789,0.737789,0,2.24561e-08
88,119,57,0,3.14369,3.14369,0,5.07212e-08
89,119,57,0,0.599697,0.599697,0,9.10079e-09
90,119,57,0,0.532643,0.532643,0,7.88017e-09
91,119,57,0.0114587,15.5342,15.5456,4.60023e-10,1.59991e-08
90,120,57,0,1.38614,1.38614,0,1.82944e-08
91,120,57,0.480767,0,0.480767,9.35817e-08,0
107,121,57,0.123394,0,0.123394,4.35796e-09,0
108,121,57,0.294238,0,0.294238,1.2967e-08,0
90,122,57,0,2.21734,2.21734,0,9.07355e-09
91,122,57,0,2.29441,2.29441,0,8.93704e-09
107,127,57,0.00429927,1.09273,1.09703,1.52479e-10,3.74112e-08
78,128,57,0.483864,0,0.483864,3.54433e-08,0
79,128,57,0.00671731,0,0.00671731,6.3578e-10,0
89,128,57,0,27.8131,27.8131,0,1.92802e-08
107,128,57,4.42153,0.655767,5.07729,1.67587e-07,1.82804e-08
108,128,57,0,1.52193,1.52193,0,3.6133e-08
109,128,57,0,0.870157,0.870157,0,1.82621e-08
111,128,57,0,0.63255,0.63255,0,1.62814e-08
78,129,57,0.105844,0,0.105844,1.70536e-08,0
90,129,57,0.396516,4.1769,4.57342,2.06504e-08,5.1842e-09
91,129,57,0,9.0191,9.0191,0,1.34292e-08
108,129,57,0,0.0652055,0.0652055,0,1.41618e-09
109,129,57,0,0.709203,0.709203,0,1.46664e-08
111,129,57,0,1.27894,1.27894,0,2.99274e-08
89,130,57,0,7.67752,7.67752,0,1.7818e-08
90,130,57,0,25.5954,25.5954,0,4.09171e-08
91,130,57,0.344639,4.36065,4.70528,1.92709e-08,5.64886e-09
89,131,57,0,26.5026,26.5026,0,3.63724e-08
110,131,57,0.132984,0,0.132984,1.8917e-08,0
95,132,57,0.184603,0,0.184603,6.21728e-09,0
96,132,57,0,6.33842,6.33842,0,2.15606e-07
100,132,57,0.308013,0,0.308013,7.44602e-09,0
104,132,57,0,29.3788,29.3788,0,2.44886e-08
107,132,57,0,0.377399,0.377399,0,1.27995e-08
108,132,57,0,0.384831,0.384831,0,1.28615e-08
109,132,57,0,0.516139,0.516139,0,1.7105e-08
110,132,57,0,1.25381,1.25381,0,4.1072e-08
97,133,57,0,0.78978,0.78978,0,2.652e-08
102,133,57,0,22.4485,22.4485,0,3.57459e-08
108,133,57,0,0.390493,0.390493,0,1.30559e-08
109,133,57,0,0.50615,0.50615,0,1.6898e-08
101,134,57,0,2.38535,2.38535,0,3.54773e-09
98,136,57,0,0.00941351,0.00941351,0,2.33997e-10
97,137,57,0.0772658,0,0.0772658,1.65559e-08,0
98,137,57,0.0554569,0,0.0554569,1.13579e-08,0
95,111,58,0,0.0140316,0.0140316,0,5.53947e-10
92,113,58,0.0340156,0,0.0340156,1.11099e-08,0
94,113,58,0,3.58044,3.58044,0,1.75924e-08
96,113,58,0,13.7071,13.7071,0,1.10668e-08
101,113,58,0,26.2209,26.2209,0,1.7984e-08
102,113,58,0,24.0642,24.0642,0,1.6591e-08
94,114,58,0,0.798175,0.798175,0,2.50619e-08
95,114,58,0,31.4938,31.4938,0,2.28779e-08
101,114,58,0,6.82013,6.82013,0,4.64683e-09
102,114,58,0,33.5284,33.5284,0,2.29401e-08
103,114,58,0,9.31996,9.31996,0,1.16237e-08
105,114,58,0,27.7752,27.7752,0,6.08644e-08
85,115,58,0.337889,1.6069,1.94479,1.21116e-08,4.07423e-08
86,115,58,0,0.464598,0.464598,0,1.13518e-08
95,115,58,0,16.4583,16.4583,0,1.19514e-08
100,115,58,0,9.74941,9.74941,0,1.11157e-08
102,115,58,0,15.8272,15.8272,0,2.38283e-08
104,115,58,0,25.9692,25.9692,0,7.31274e-08
105,115,58,0,12.3597,12.3597,0,3.27665e-08
85,116,58,0,0.885136,0.885136,0,2.10449e-08
86,116,58,0,1.3077,1.3077,0,3.12607e-08
94,116,58,0,2.80542,2.80542,0,9.07038e-08
98,116,58,0.00633569,0,0.00633569,1.88455e-09,0
99,116,58,0.0289214,97.5471,97.576,2.59005e-09,7.81621e-08
100,116,58,0,13.9976,13.9976,0,1.57733e-08
101,116,58,0.641046,0,0.641046,9.8897e-08,0
103,116,58,0,21.6551,21.6551,0,8.02349e-08
104,116,58,0,1.04003,1.04003,0,3.21547e-09
109,116,58,0,0.943881,0.943881,0,1.85885e-08
110,116,58,0,0.874204,0.874204,0,1.7048e-08
86,117,58,0,2.006,2.006,0,5.21516e-08
108,117,58,0,0.623412,0.623412,0,1.24034e-08
109,117,58,0,1.84612,1.84612,0,3.64371e-08
110,117,58,0,1.30541,1.30541,0,2.55134e-08
91,118,58,0,596.705,596.705,0,3.71302e-07
88,119,58,0,4.50044,4.50044,0,1.8946e-08
89,119,58,0,3.65342,3.65342,0,5.18713e-08
90,119,58,0,6.88227,6.88227,0,4.11346e-08
89,120,58,0,2.74986,2.74986,0,3.46217e-08
90,120,58,0,1.71337,1.71337,0,2.29725e-08
91,121,58,0,50.7019,50.7019,0,4.33035e-08
90,122,58,0,1.51611,1.51611,0,4.12712e-09
109,122,58,0,1.66745,1.66745,0,1.45077e-08
110,122,58,0,1.05398,1.05398,0,8.78918e-09
107,124,58,0,0.174931,0.174931,0,9.79161e-10
108,125,58,0,4.6615,4.6615,0,2.49887e-08
91,126,58,0,13.6019,13.6019,0,9.4419e-09
108,126,58,0,5.45633,5.45633,0,2.61892e-08
90,127,58,0,25.4239,25.4239,0,1.7543e-08
108,127,58,0,3.81608,3.81608,0,1.75922e-08
78,128,58,0.0614751,0,0.0614751,1.37934e-08,0
90,128,58,0,34.9418,34.9418,0,2.41189e-08
110,128,58,0,2.39457,2.39457,0,5.73815e-08
111,128,58,0,1.24039,1.24039,0,3.65833e-08
112,128,58,0,0.172661,0.172661,0,3.67171e-09
78,129,58,0.0345135,0,0.0345135,1.10317e-08,0
89,129,58,0,63.7295,63.7295,0,4.42383e-08
110,129,58,0,0.757346,0.757346,0,1.8206e-08
111,129,58,0,0.221919,0.221919,0,5.56241e-09
91,130,58,0.0326248,0,0.0326248,1.47681e-09,0
107,131,58,0,4.78749,4.78749,0,9.65446e-08
91,132,58,0.0583536,8.50195,8.56031,5.4606e-09,3.10653e-08
92,132,58,0,59.2098,59.2098,0,2.4725e-07
95,132,58,0.0318908,0,0.0318908,7.65239e-10,0
96,132,58,0.0203212,0.292051,0.312372,5.7908e-09,9.85359e-09
97,132,58,0,0.811085,0.811085,0,2.71531e-08
106,132,58,0,0.258101,0.258101,0,8.66752e-09
107,132,58,0,0.69521,0.69521,0,2.34359e-08
91,133,58,0,1.49041,1.49041,0,4.77483e-09
96,133,58,0,0.494192,0.494192,0,1.66409e-08
97,133,58,0,0.0499769,0.0499769,0,1.66561e-09
102,133,58,0,5.53195,5.53195,0,8.70994e-09
104,133,58,0,20.0991,20.0991,0,1.68046e-08
106,133,58,0,0.889863,0.889863,0,3.01074e-08
107,133,58,0,0.958821,0.958821,0,3.2282e-08
106,134,58,0,0.0198023,0.0198023,0,6.69755e-10
97,136,58,0.0447821,2.04193,2.08671,1.52192e-08,5.39255e-08
98,136,58,0,1.38364,1.38364,0,4.12089e-08
97,137,58,0.0745881,0,0.0745881,2.59357e-08,0
95,110,59,0,0.204947,0.204947,0,4.54468e-09
95,111,59,0,3.06145,3.06145,0,8.79934e-08
96,111,59,0,2.75968,2.75968,0,4.48335e-08
93,112,59,0,0.228097,0.228097,0,7.48488e-09
94,112,59,0,1.05524,1.05524,0,2.03879e-08
96,112,59,0,0.345093,0.345093,0,8.3883e-09
92,113,59,0.05261,0.421322,0.473932,1.81092e-08,1.35433e-08
93,113,59,0,0.876984,0.876984,0,2.8352e-08
94,113,59,0,2.15319,2.15319,0,3.31524e-08
102,113,59,0,26.8255,26.8255,0,1.85936e-08
91,114,59,0,0.302026,0.302026,0,1.00858e-08
93,114,59,0,1.9585,1.9585,0,6.47919e-08
94,114,59,0,2.18401,2.18401,0,6.64341e-08
100,114,59,0,11.2436,11.2436,0,2.18951e-08
101,114,59,0,1.69125,1.69125,0,3.23638e-09
102,114,59,0,15.3195,15.3195,0,3.1112e-08
103,114,59,0,5.08642,5.08642,0,6.21055e-09
104,114,59,0,5.3416,5.3416,0,6.38523e-09
105,114,59,0,1.9512,1.9512,0,4.53785e-09
91,115,59,0,0.0842551,0.0842551,0,2.8114e-09
92,115,59,0,0.412619,0.412619,0,1.37195e-08
98,115,59,0,0.977591,0.977591,0,1.69125e-08
99,115,59,0,8.35003,8.35003,0,9.5469e-09
100,115,59,0,5.39445,5.39445,0,6.1679e-09
102,115,59,0,23.2538,23.2538,0,3.31424e-08
103,115,59,0,18.253,18.253,0,3.26508e-08
104,115,59,0,17.8426,17.8426,0,5.29381e-08
92,116,59,0,15.4245,15.4245,0,5.40586e-08
97,116,59,0,391.866,391.866,0,2.76286e-07
99,116,59,0,22.8727,22.8727,0,1.80771e-08
100,116,59,0,6.34066,6.34066,0,7.24977e-09
101,116,59,0,0.0976081,0.0976081,0,2.5825e-09
102,116,59,0,143.876,143.876,0,3.19256e-07
103,116,59,0,15.7999,15.7999,0,2.74075e-07
104,116,59,0,1.90226,1.90226,0,5.36979e-09
107,116,59,0.166293,0.0111216,0.177415,2.03417e-09,4.44785e-10
108,116,59,0,0.713385,0.713385,0,1.43333e-08
109,116,59,0,0.0995096,0.0995096,0,2.00303e-09
110,116,59,0,0.814025,0.814025,0,1.59079e-08
108,117,59,0,0.141277,0.141277,0,2.81486e-09
109,117,59,0,0.440055,0.440055,0,8.76224e-09
110,117,59,0,2.2714,2.2714,0,4.61533e-08
110,118,59,0,0.404829,0.404829,0,8.54698e-09
111,118,59,0,0.787194,0.787194,0,1.6216e-08
88,119,59,0,2.7706,2.7706,0,2.50289e-08
89,119,59,0,1.2274,1.2274,0,1.4209e-08
90,119,59,0,5.48776,5.48776,0,2.20285e-08
91,119,59,0.0274076,0,0.0274076,7.05282e-10,0
107,119,59,3.84412,0.115993,3.96011,3.10717e-07,2.85571e-09
88,120,59,0,31.0408,31.0408,0,2.79634e-08
89,120,59,0,1.90924,1.90924,0,2.34386e-08
89,121,59,0,21.456,21.456,0,1.86891e-08
108,121,59,0,0.924211,0.924211,0,7.46989e-09
109,121,59,0,3.52751,3.52751,0,2.91142e-08
91,122,59,0,81.004,81.004,0,2.20508e-07
108,122,59,0,4.16822,4.16822,0,3.45802e-08
109,122,59,0,2.15199,2.15199,0,1.9883e-08
90,123,59,0,7.90475,7.90475,0,2.12489e-08
91,123,59,0,4.95537,4.95537,0,1.26549e-08
108,123,59,0,8.68818,8.68818,0,6.30283e-08
109,123,59,0,1.13265,1.13265,0,8.4405e-09
107,124,59,0,3.19483,3.19483,0,1.97112e-08
108,124,59,0,1.07084,1.07084,0,5.93551e-09
90,125,59,0.107514,0,0.107514,2.57987e-09,0
91,125,59,0.18674,0,0.18674,7.20432e-09,0
108,125,59,0,3.52011,3.52011,0,1.78942e-08
91,126,59,0,269.842,269.842,0,1.87313e-07
90,127,59,0,18.6754,18.6754,0,1.28229e-08
108,127,59,0,0.431277,0.431277,0,1.85399e-09
76,128,59,0.0814068,0,0.0814068,2.8546e-08,0
77,128,59,0.0541652,0,0.0541652,1.7479e-08,0
90,128,59,0,17.3703,17.3703,0,1.19877e-08
107,128,59,0,3.7827,3.7827,0,1.58932e-08
108,128,59,0,3.69592,3.69592,0,1.61878e-08
110,128,59,0,1.16731,1.16731,0,3.36831e-08
111,128,59,0,0.481859,0.481859,0,1.22274e-08
77,129,59,0.134657,0,0.134657,3.05615e-08,0
111,129,59,0,0.560879,0.560879,0,1.48367e-08
96,132,59,0.620835,0,0.620835,1.75785e-07,0
97,132,59,2.79058e-05,0.408651,0.408679,6.69616e-13,8.51838e-09
98,132,59,0.0863347,0.114873,0.201208,1.1464e-08,4.59409e-09
99,132,59,0.0333154,0,0.0333154,1.83248e-09,0
101,132,59,0,10.476,10.476,0,2.10453e-07
104,132,59,0.278868,0,0.278868,6.30605e-08,0
105,132,59,0.497812,0,0.497812,1.21755e-08,0
106,132,59,0,0.856473,0.856473,0,2.91598e-08
107,132,59,0,0.126531,0.126531,0,4.32864e-09
97,133,59,0,0.4042,0.4042,0,1.34704e-08
106,133,59,0.00324942,0.137932,0.141182,7.79718e-11,4.67046e-09
107,133,59,0,1.06642,1.06642,0,3.5643e-08
108,133,59,0,1.2158,1.2158,0,3.13942e-08
104,134,59,0,27.2121,27.2121,0,2.32053e-08
108,134,59,0,1.43905,1.43905,0,4.48475e-08
109,134,59,0,0.244838,0.244838,0,6.17906e-09
91,135,59,0,1.3799,1.3799,0,2.6911e-08
92,135,59,0,0.61956,0.61956,0,1.23632e-08
95,135,59,0,0.304825,0.304825,0,7.91287e-09
108,135,59,0,9.11135,9.11135,0,5.17085e-08
109,135,59,0,0.440825,0.440825,0,1.04424e-08
95,136,59,0,0.258715,0.258715,0,6.00153e-09
96,136,59,0,0.117089,0.117089,0,2.52169e-09
97,136,59,0,1.81091,1.81091,0,5.17606e-08
108,136,59,0,0.996746,0.996746,0,2.12998e-08
97,137,59,0.0946981,0.819915,0.914613,1.78312e-08,2.14365e-08
98,137,59,0.174869,0.430504,0.605373,1.20165e-08,1.10553e-08
90,100,60,0.0228193,0,0.0228193,4.14361e-09,0
91,100,60,0.0896452,0,0.0896452,1.83467e-08,0
93,101,60,0,4.10153,4.10153,0,1.08893e-07
93,111,60,0,3.35409,3.35409,0,1.07215e-07
95,111,60,0,7.95577,7.95577,0,8.43195e-09
96,111,60,0,0.118632,0.118632,0,4.39356e-09
93,112,60,0,0.707297,0.707297,0,2.34701e-08
96,112,60,0,2.11886,2.11886,0,7.84767e-08
92,113,60,0.110411,0,0.110411,3.14731e-08,0
101,113,60,0,37.5358,37.5358,0,2.61313e-08
87,114,60,0,0.675099,0.675099,0,1.79664e-08
88,114,60,0,1.28874,1.28874,0,3.62689e-08
91,114,60,0,0.960934,0.960934,0,3.21483e-08
96,114,60,0.0293889,0,0.0293889,1.0491e-09,0
99,114,60,0,1.13651,1.13651,0,1.85481e-08
100,114,60,0,0.423085,0.423085,0,6.90485e-09
88,115,60,0,0.276639,0.276639,0,7.58465e-09
91,115,60,0,2.49096,2.49096,0,8.19842e-09
92,115,60,0,10.1896,10.1896,0,4.93477e-08
93,115,60,0.000644664,0,0.000644664,1.54691e-11,0
95,115,60,0.0866993,0,0.0866993,2.08041e-09,0
97,115,60,0.000720852,0,0.000720852,1.72973e-11,0
98,115,60,0,0.572053,0.572053,0,9.4508e-09
99,115,60,0,1.81119,1.81119,0,3.13834e-08
104,115,60,0,44.1319,44.1319,0,3.53318e-08
105,115,60,0,24.3326,24.3326,0,1.65888e-08
88,116,60,0,0.386185,0.386185,0,9.27378e-09
91,116,60,0,5.30491,5.30491,0,1.62902e-08
95,116,60,0.242603,0,0.242603,1.32391e-08,0
98,116,60,0,16.9687,16.9687,0,2.97489e-07
100,116,60,0,162.517,162.517,0,1.85818e-07
101,116,60,0,3.77453,3.77453,0,9.9065e-08
103,116,60,1.3922,55.8697,57.2619,3.77272e-07,3.7968e-08
104,116,60,0,7.31906,7.31906,0,2.29395e-07
105,116,60,0,1.44214,1.44214,0,9.77401e-10
106,116,60,0,0.295408,0.295408,0,6.33569e-09
107,116,60,30.6231,1.32166,31.9448,3.74595e-07,2.68129e-08
108,116,60,0,1.00182,1.00182,0,2.01619e-08
107,117,60,0,0.465296,0.465296,0,9.29648e-09
108,117,60,0,0.253464,0.253464,0,5.06312e-09
109,117,60,0,0.816508,0.816508,0,1.77108e-08
110,117,60,0,1.034,1.034,0,2.32995e-08
111,117,60,0,0.42741,0.42741,0,1.0251e-08
107,118,60,0,3.12011,3.12011,0,6.06289e-08
110,118,60,0,1.72272,1.72272,0,4.10579e-08
111,118,60,0,0.928446,0.928446,0,2.11908e-08
89,119,60,0.550149,8.5849,9.13505,1.4226e-08,6.22669e-08
90,119,60,0.112309,0,0.112309,5.58253e-09,0
91,119,60,0.000113862,6.91532,6.91543,2.73219e-12,2.65997e-08
107,119,60,0,0.384501,0.384501,0,7.47146e-09
111,119,60,0,1.11607,1.11607,0,3.04657e-08
88,120,60,0,19.9933,19.9933,0,3.46365e-08
91,120,60,0,97.1975,97.1975,0,1.21778e-07
107,121,60,0,14.1752,14.1752,0,1.46561e-07
108,121,60,0,2.11852,2.11852,0,2.13355e-08
109,121,60,0,1.87632,1.87632,0,4.00267e-08
110,121,60,0,0.983042,0.983042,0,2.96242e-08
107,122,60,0.287248,0.779889,1.06714,6.14653e-09,8.57667e-09
108,122,60,0.101849,0.325784,0.427633,2.44394e-09,3.36835e-09
109,122,60,0,0.549409,0.549409,0,1.65115e-08
110,122,60,0,0.103322,0.103322,0,3.10103e-09
109,123,60,0,3.08165,3.08165,0,2.36737e-08
108,124,60,0,3.9007,3.9007,0,2.63698e-08
109,124,60,0,0.577383,0.577383,0,2.07743e-08
110,124,60,0,65.6069,65.6069,0,4.12405e-08
90,125,60,0,63.2752,63.2752,0,4.31833e-08
91,125,60,0,11.5062,11.5062,0,7.8324e-09
110,125,60,0,11.6186,11.6186,0,7.2322e-09
108,126,60,0,19.7005,19.7005,0,1.34226e-08
109,126,60,0,0.55166,0.55166,0,1.56996e-08
76,127,60,0.020589,0,0.020589,7.21136e-09,0
109,127,60,0,1.3396,1.3396,0,3.99677e-08
110,127,60,0,0.495058,0.495058,0,1.24915e-08
76,128,60,0.0419786,0,0.0419786,1.44783e-08,0
109,128,60,0,0.612225,0.612225,0,2.24036e-08
76,129,60,0.0759677,0,0.0759677,1.41765e-08,0
91,130,60,0.0204076,0,0.0204076,5.57514e-09,0
95,132,60,0.00735209,0,0.00735209,2.2271e-10,0
98,132,60,0.00519483,0,0.00519483,5.63513e-10,0
99,132,60,0.0943995,0,0.0943995,2.31986e-09,0
101,132,60,0,255.618,255.618,0,2.54917e-07
106,132,60,0,0.252793,0.252793,0,8.61748e-09
106,133,60,0,0.536167,0.536167,0,1.83619e-08
107,133,60,0,0.98552,0.98552,0,3.26661e-08
108,133,60,0,0.740162,0.740162,0,2.39539e-08
109,133,60,0,1.7104,1.7104,0,4.5433e-08
91,134,60,0,0.816402,0.816402,0,1.59237e-08
92,134,60,0,1.15499,1.15499,0,2.31443e-08
103,134,60,0,71.6195,71.6195,0,6.41255e-08
104,134,60,0,8.64743,8.64743,0,7.47914e-09
105,134,60,0,0.79607,0.79607,0,2.65642e-08
106,134,60,0,0.337394,0.337394,0,1.125e-08
107,134,60,0,0.812588,0.812588,0,2.7002e-08
108,134,60,0,3.30677,3.30677,0,4.61363e-08
109,134,60,0,1.35367,1.35367,0,3.44218e-08
91,135,60,0,0.96011,0.96011,0,1.87172e-08
92,135,60,0,2.41412,2.41412,0,4.77726e-08
93,135,60,0,1.14634,1.14634,0,2.23579e-08
94,135,60,0,1.27254,1.27254,0,2.52858e-08
95,135,60,0,0.473816,0.473816,0,1.12641e-08
108,135,60,0,8.2246,8.2246,0,1.74044e-08
109,135,60,0,0.831542,0.831542,0,2.0439e-08
94,136,60,0,0.212095,0.212095,0,4.55387e-09
95,136,60,0,3.78785,3.78785,0,8.30721e-08
96,136,60,0,2.7714,2.7714,0,6.64239e-08
96,137,60,0,1.98452,1.98452,0,4.77484e-08
92,98,61,0.00367134,0,0.00367134,1.24798e-10,0
91,100,61,0.052984,0,0.052984,1.42943e-08,0
92,100,61,0.0865386,0,0.0865386,2.37609e-08,0
90,101,61,0.111258,0,0.111258,1.82124e-08,0
106,108,61,0.0763077,0,0.0763077,1.94317e-08,0
107,108,61,0.0961605,0,0.0961605,1.30116e-08,0
108,108,61,0.154511,0,0.154511,3.20542e-08,0
92,111,61,0,1.52925,1.52925,0,9.72378e-09
92,112,61,0.232513,2.68025,2.91276,1.91022e-08,1.43439e-08
93,112,61,0,10.2758,10.2758,0,2.45322e-08
92,113,61,0.0205762,0,0.0205762,7.02156e-09,0
93,113,61,0.0469052,0,0.0469052,7.01627e-09,0
101,113,61,0,0.407476,0.407476,0,1.62961e-08
87,114,61,0,1.55393,1.55393,0,4.17908e-08
88,114,61,0,1.38376,1.38376,0,3.71921e-08
91,114,61,0,0.141755,0.141755,0,4.74986e-09
92,114,61,0,0.148549,0.148549,0,4.97834e-09
99,114,61,0,0.54621,0.54621,0,8.68174e-09
101,114,61,0.0105728,13.8569,13.8674,2.83368e-10,2.64395e-08
104,114,61,0,19.0305,19.0305,0,1.3261e-08
86,115,61,0,0.495173,0.495173,0,1.21601e-08
87,115,61,0,2.82798,2.82798,0,7.58966e-08
88,115,61,0,0.973444,0.973444,0,2.555e-08
89,115,61,0,1.05546,1.05546,0,2.60497e-08
91,115,61,0,0.302585,0.302585,0,1.01365e-08
103,115,61,0,31.2367,31.2367,0,3.69229e-08
104,115,61,0,14.1943,14.1943,0,9.89325e-09
105,115,61,0.0799268,9.58993,9.66986,1.91792e-09,6.49286e-09
106,115,61,0,30.0815,30.0815,0,2.05509e-08
86,116,61,0,0.188331,0.188331,0,5.72089e-09
87,116,61,0,0.399544,0.399544,0,9.86418e-09
88,116,61,0,0.873047,0.873047,0,2.11398e-08
91,116,61,0.0468874,0.966453,1.01334,5.72472e-09,3.24641e-08
92,116,61,0,89.2904,89.2904,0,3.02845e-07
94,116,61,0.0980354,0,0.0980354,3.1269e-08,0
95,116,61,0,1.92755,1.92755,0,6.59391e-08
97,116,61,0,85.1147,85.1147,0,5.90831e-08
98,116,61,0.720832,0,0.720832,4.03831e-08,0
99,116,61,1.57719,0.00756774,1.58475,1.14252e-07,2.46169e-10
103,116,61,0,5.15898,5.15898,0,3.56633e-09
104,116,61,0,530.177,530.177,0,6.85171e-07
105,116,61,0.135769,12.7572,12.893,7.89534e-09,8.62298e-09
107,116,61,0.0972057,0,0.0972057,8.06162e-09,0
87,117,61,0,0.477822,0.477822,0,1.14234e-08
90,117,61,0,0.727211,0.727211,0,1.75366e-08
88,118,61,0,9.05901,9.05901,0,4.75879e-08
91,118,61,0,0.684775,0.684775,0,2.31738e-08
88,119,61,0,29.7857,29.7857,0,7.32111e-08
89,119,61,0,28.3119,28.3119,0,3.28717e-08
91,119,61,0.077573,0,0.077573,6.12746e-09,0
111,119,61,0,0.186246,0.186246,0,5.28826e-09
112,119,61,0,0.958175,0.958175,0,2.90024e-08
88,120,61,0,9.35573,9.35573,0,3.69068e-08
89,120,61,0,16.7338,16.7338,0,3.95412e-08
90,120,61,0,2.56486,2.56486,0,3.21349e-09
91,120,61,0,7.8795,7.8795,0,9.87215e-09
108,120,61,0,0.30609,0.30609,0,9.16613e-09
110,120,61,0,4.04306,4.04306,0,4.43744e-08
111,120,61,0,2.6535,2.6535,0,3.5436e-08
108,121,61,0,3.68947,3.68947,0,4.21793e-08
110,121,61,0,0.498617,0.498617,0,1.54756e-08
107,122,61,0.0935097,0,0.0935097,2.24382e-09,0
108,122,61,0.139158,0,0.139158,8.93539e-09,0
109,122,61,0,0.252763,0.252763,0,8.24308e-09
110,122,61,0,1.12995,1.12995,0,3.68462e-08
110,123,61,0,2.88588,2.88588,0,7.9439e-08
111,123,61,0,0.228772,0.228772,0,4.74838e-09
109,124,61,0,0.275016,0.275016,0,1.00225e-08
111,124,61,0,26.0569,26.0569,0,1.83948e-08
107,125,61,1.34504,0,1.34504,1.91688e-07,0
108,125,61,0,0.624606,0.624606,0,2.37156e-08
109,125,61,0,0.068336,0.068336,0,2.58234e-09
111,125,61,0,22.2975,22.2975,0,2.97161e-08
112,125,61,0,3.45563,3.45563,0,3.75566e-08
107,126,61,0,373.231,373.231,0,2.54295e-07
108,126,61,0,0.572793,0.572793,0,1.99343e-08
109,126,61,0,1.25385,1.25385,0,3.6204e-08
110,126,61,0,0.5871,0.5871,0,1.4788e-08
111,126,61,0,0.669852,0.669852,0,2.20641e-08
112,126,61,0,0.956524,0.956524,0,2.22928e-08
113,126,61,0,0.39229,0.39229,0,9.46089e-09
112,127,61,0,0.799873,0.799873,0,2.08754e-08
113,127,61,0,0.982227,0.982227,0,2.42291e-08
91,128,61,0.0701562,0,0.0701562,5.84945e-09,0
107,129,61,0.0755061,0,0.0755061,6.95883e-09,0
91,130,61,0.0565415,0,0.0565415,6.71669e-09,0
114,130,61,0.0783687,0,0.0783687,1.32474e-08,0
85,131,61,0,0.0379279,0.0379279,0,1.25341e-09
91,131,61,6.31212,0.0787558,6.39087,7.72124e-08,2.5271e-09
107,131,61,0.0250627,0,0.0250627,2.15269e-09,0
85,132,61,0,7.05446,7.05446,0,1.29923e-08
86,132,61,0,20.4899,20.4899,0,1.27632e-08
87,132,61,0,22.6126,22.6126,0,1.41329e-08
88,132,61,0.0632954,0.297694,0.36099,1.73453e-09,8.97962e-09
94,132,61,0,1.797,1.797,0,4.86805e-08
96,132,61,0.0248486,0,0.0248486,3.30909e-09,0
97,132,61,0.0123176,0,0.0123176,2.492e-09,0
98,132,61,3.85557,0,3.85557,3.1529e-07,0
102,132,61,0.883895,0,0.883895,1.34679e-07,0
103,132,61,0,8.18028,8.18028,0,7.58699e-09
104,132,61,0,3.75118,3.75118,0,3.55908e-09
96,133,61,0,20.994,20.994,0,2.93681e-08
97,133,61,0,5.78985,5.78985,0,7.72366e-09
107,133,61,0,0.178746,0.178746,0,6.12118e-09
109,133,61,0,15.8005,15.8005,0,1.58788e-08
110,133,61,0,33.2719,33.2719,0,2.65976e-08
96,134,61,0,6.66836,6.66836,0,1.30904e-08
106,134,61,0,3.81499,3.81499,0,9.91832e-09
107,134,61,0,8.31127,8.31127,0,2.5812e-08
111,134,61,0,19.1446,19.1446,0,1.86968e-08
106,135,61,0,5.83746,5.83746,0,5.16882e-08
107,135,61,0,36.0158,36.0158,0,4.42184e-08
94,136,61,0,0.376346,0.376346,0,8.54414e-09
95,136,61,0,0.964226,0.964226,0,1.756e-08
93,102,62,0.470196,0,0.470196,5.72435e-08,0
106,108,62,0.151734,0,0.151734,4.04287e-08,0
106,109,62,0.0724617,0,0.0724617,2.58508e-08,0
89,111,62,0,0.107754,0.107754,0,3.16679e-09
90,111,62,0,0.745955,0.745955,0,1.88615e-08
92,111,62,0.109543,2.85662,2.96616,2.15175e-08,4.86065e-08
89,112,62,0,0.817347,0.817347,0,1.9309e-08
90,112,62,0,1.70424,1.70424,0,4.51489e-08
91,112,62,0,0.70572,0.70572,0,1.64392e-08
92,112,62,0.156563,0,0.156563,1.68118e-08,0
93,112,62,0.113392,0,0.113392,1.03575e-08,0
99,112,62,0,17.5784,17.5784,0,3.29216e-08
100,112,62,0,0.70882,0.70882,0,1.32265e-08
102,112,62,0,0.709806,0.709806,0,1.91944e-08
99,113,62,0,10.3177,10.3177,0,8.04142e-09
102,113,62,0,0.864339,0.864339,0,2.35968e-08
92,114,62,0.159887,0.530179,0.690066,3.93424e-09,1.77964e-08
102,114,62,0,0.301746,0.301746,0,7.42158e-09
86,115,62,0,0.639419,0.639419,0,1.63324e-08
87,115,62,0,2.31034,2.31034,0,5.40341e-08
91,115,62,0,0.434211,0.434211,0,1.45856e-08
92,115,62,0,0.00485223,0.00485223,0,1.62956e-10
101,115,62,0,4.09506,4.09506,0,3.00968e-09
105,115,62,0,15.7673,15.7673,0,1.07718e-08
86,116,62,0,0.0517684,0.0517684,0,1.12085e-09
87,116,62,0,1.51615,1.51615,0,3.42937e-08
88,116,62,0,1.35172,1.35172,0,3.42166e-08
89,116,62,0,0.511955,0.511955,0,1.25314e-08
90,116,62,0.441298,0.0930747,0.534373,1.23457e-08,3.63901e-09
93,116,62,20.3172,88.7028,109.02,2.55234e-07,9.4012e-08
96,116,62,0.632395,0,0.632395,7.59706e-08,0
97,116,62,3.73157,0,3.73157,9.57833e-08,0
101,116,62,0,387.462,387.462,0,2.84767e-07
88,117,62,0,1.06011,1.06011,0,2.54603e-08
89,117,62,0,0.431499,0.431499,0,1.03643e-08
91,118,62,0,9.85708,9.85708,0,3.17481e-07
96,118,62,0,0.979248,0.979248,0,3.34988e-08
87,119,62,0,0.10836,0.10836,0,3.59312e-09
88,119,62,0,3.67754,3.67754,0,9.57927e-08
88,120,62,0,2.01395,2.01395,0,5.8646e-08
90,120,62,0,20.3633,20.3633,0,2.50811e-08
108,120,62,0,2.87711,2.87711,0,1.42609e-08
109,120,62,0,4.3928,4.3928,0,2.34388e-08
110,120,62,0,0.393147,0.393147,0,1.01491e-08
111,120,62,0,0.710537,0.710537,0,2.39873e-08
112,120,62,0,0.479378,0.479378,0,1.53978e-08
89,121,62,0,18.165,18.165,0,1.15614e-08
90,121,62,0,34.2877,34.2877,0,2.18643e-08
107,121,62,0,1.36819,1.36819,0,6.26812e-09
108,121,62,0,6.11776,6.11776,0,3.00072e-08
109,121,62,0,0.629066,0.629066,0,3.17666e-09
109,122,62,0,0.293013,0.293013,0,9.73727e-09
110,122,62,0,0.470131,0.470131,0,1.53171e-08
111,122,62,0,0.402354,0.402354,0,1.33257e-08
114,122,62,0.307501,0,0.307501,5.77454e-08,0
108,123,62,0,0.382762,0.382762,0,1.08189e-08
109,123,62,0,1.9669,1.9669,0,6.24579e-08
110,123,62,0,1.86197,1.86197,0,4.8587e-08
108,124,62,0,0.272058,0.272058,0,7.66376e-09
109,124,62,0,68.3768,68.3768,0,1.09622e-07
110,124,62,0,4.85975,4.85975,0,7.49512e-08
111,124,62,0,4.00334,4.00334,0,8.06162e-08
112,124,62,0,0.884893,0.884893,0,2.38979e-08
107,125,62,1.27539,0,1.27539,3.28715e-07,0
108,125,62,0,0.248103,0.248103,0,9.90116e-09
109,125,62,0,1.28784,1.28784,0,4.65039e-08
110,125,62,0,0.948888,0.948888,0,3.03452e-08
111,125,62,0,9.30151,9.30151,0,5.46489e-08
112,125,62,0,0.631223,0.631223,0,2.03092e-08
110,126,62,0,0.54414,0.54414,0,1.31999e-08
111,126,62,0,0.449456,0.449456,0,1.48013e-08
112,126,62,0,3.92816,3.92816,0,9.94771e-08
113,126,62,0,1.07069,1.07069,0,2.64565e-08
112,127,62,0,0.21197,0.21197,0,5.14436e-09
113,127,62,0,0.57971,0.57971,0,1.35716e-08
80,128,62,0.622965,0,0.622965,7.68558e-08,0
111,128,62,0.57818,0,0.57818,1.78306e-08,0
110,129,62,0.00904307,0,0.00904307,4.94921e-10,0
116,129,62,0.247318,0,0.247318,4.73728e-08,0
88,130,62,0,8.41393,8.41393,0,5.47168e-09
91,130,62,0,36.8316,36.8316,0,2.37972e-08
112,130,62,0.0328407,0,0.0328407,8.28492e-09,0
113,130,62,0.13298,0,0.13298,2.87237e-08,0
114,130,62,0.190417,0,0.190417,2.35844e-08,0
85,131,62,0.913495,2.87165,3.78515,5.7352e-08,7.14636e-08
88,131,62,0.587982,44.8671,45.455,7.52138e-08,3.65829e-08
89,131,62,0,34.0521,34.0521,0,2.20029e-08
85,132,62,0,0.726389,0.726389,0,1.67604e-08
88,132,62,0,1.93127,1.93127,0,5.45964e-08
89,132,62,0,0.35117,0.35117,0,1.00121e-08
92,132,62,0,10.3094,10.3094,0,1.04597e-08
93,132,62,21.2539,5.83829,27.0922,2.59986e-07,7.46948e-09
94,132,62,0.0154358,0,0.0154358,2.00112e-09,0
96,132,62,0.403896,0,0.403896,5.20269e-09,0
97,132,62,0,8.34136,8.34136,0,9.8462e-09
99,132,62,0,5.18657,5.18657,0,1.42389e-07
100,132,62,0,0.143065,0.143065,0,3.8825e-09
102,132,62,0.0145365,0,0.0145365,2.90504e-09,0
103,132,62,0,6.63152,6.63152,0,6.70862e-09
104,132,62,0,29.2282,29.2282,0,2.95309e-08
106,132,62,0.130581,29.1184,29.249,1.08885e-08,4.24087e-08
107,132,62,0,11.4366,11.4366,0,7.51088e-09
87,133,62,0,7.08748,7.08748,0,3.55057e-08
88,133,62,0,8.95977,8.95977,0,4.61214e-08
91,133,62,0,0.473754,0.473754,0,9.60915e-09
92,133,62,0,39.9174,39.9174,0,4.09336e-08
96,133,62,0,30.5614,30.5614,0,4.28662e-08
97,133,62,0,50.483,50.483,0,7.26747e-08
98,133,62,0,3.12483,3.12483,0,3.71498e-09
106,133,62,0.0294035,0,0.0294035,7.32762e-10,0
107,133,62,0,98.7544,98.7544,0,7.59809e-08
108,133,62,0,11.7086,11.7086,0,1.26374e-08
109,133,62,0,23.3312,23.3312,0,2.43886e-08
87,134,62,0,2.29143,2.29143,0,4.54884e-08
88,134,62,0,0.459981,0.459981,0,5.10313e-09
91,134,62,0,1.68087,1.68087,0,3.40915e-08
95,134,62,0,3.38417,3.38417,0,7.08174e-09
96,134,62,0,63.9088,63.9088,0,1.075e-07
97,134,62,0,29.6162,29.6162,0,4.55268e-08
106,134,62,0,0.057497,0.057497,0,1.96575e-09
107,134,62,0,12.4544,12.4544,0,2.55737e-08
109,134,62,0,15.4337,15.4337,0,1.57201e-08
88,135,62,0,0.157125,0.157125,0,5.14732e-09
94,135,62,0,0.392811,0.392811,0,8.57459e-09
95,135,62,0,6.80655,6.80655,0,5.43706e-08
96,135,62,0,4.043,4.043,0,8.07381e-09
107,135,62,0,12.1785,12.1785,0,1.98131e-08
108,135,62,0,7.02859,7.02859,0,1.1899e-08
95,136,62,0,5.5223,5.5223,0,8.90774e-08
95,137,62,0,1.04781,1.04781,0,2.23749e-08
96,137,62,0,0.226776,0.226776,0,5.24067e-09
99,137,62,0,2.95167,2.95167,0,6.33701e-08
100,137,62,0,0.0912911,0.0912911,0,2.16665e-09
104,102,63,0.171221,0,0.171221,1.52655e-08,0
104,103,63,0.0755289,0,0.0755289,1.43863e-08,0
106,109,63,0.747025,0,0.747025,1.79253e-08,0
107,109,63,0.0714209,0,0.0714209,1.53214e-08,0
106,110,63,1.39545,0.331597,1.72705,3.91856e-08,9.96135e-09
107,110,63,0,0.908443,0.908443,0,2.12696e-08
89,111,63,0,2.27543,2.27543,0,6.02425e-08
90,111,63,0,5.05423,5.05423,0,1.37765e-07
91,111,63,0,1.41912,1.41912,0,3.68946e-08
92,111,63,0,0.749005,0.749005,0,2.33987e-08
101,111,63,0,0.223391,0.223391,0,7.41856e-09
107,111,63,0,1.48147,1.48147,0,3.4826e-08
89,112,63,0,4.90589,4.90589,0,1.07945e-07
90,112,63,0,3.60416,3.60416,0,9.43376e-08
91,112,63,0,2.9448,2.9448,0,8.62296e-08
92,112,63,0,43.2266,43.2266,0,7.15963e-08
93,112,63,0,6.94589,6.94589,0,9.59536e-09
100,112,63,0,1.53849,1.53849,0,2.61481e-08
101,112,63,0,1.82216,1.82216,0,5.34321e-08
102,112,63,0,0.406854,0.406854,0,1.27989e-08
87,113,63,0,1.12164,1.12164,0,2.56274e-08
88,113,63,0,0.588658,0.588658,0,1.32247e-08
89,113,63,0,0.100544,0.100544,0,2.75377e-09
90,113,63,0,0.626081,0.626081,0,1.23033e-08
91,113,63,0,2.73865,2.73865,0,5.54414e-08
92,113,63,0,18.5793,18.5793,0,2.08597e-08
93,113,63,0,1.90222,1.90222,0,4.79674e-08
100,113,63,0,0.546704,0.546704,0,1.17423e-08
101,113,63,0,0.581057,0.581057,0,1.50048e-08
102,113,63,0,1.34219,1.34219,0,3.24271e-08
103,113,63,0,1.12046,1.12046,0,3.35975e-08
86,114,63,0,0.335217,0.335217,0,8.20825e-09
87,114,63,0,2.36223,2.36223,0,5.44134e-08
88,114,63,0,3.75665,3.75665,0,8.38238e-08
89,114,63,0,0.719925,0.719925,0,1.60613e-08
91,114,63,0,1.54493,1.54493,0,3.0444e-08
93,114,63,2.47809,0.00231239,2.4804,3.78312e-08,9.24787e-11
102,114,63,0,0.189277,0.189277,0,4.66993e-09
86,115,63,0,0.557217,0.557217,0,1.57051e-08
87,115,63,0,0.266148,0.266148,0,6.48087e-09
101,115,63,0,10.9199,10.9199,0,7.96626e-09
94,116,63,0,10.5553,10.5553,0,2.66169e-07
97,116,63,1.08104,8.31524,9.39628,8.61778e-08,5.49175e-08
103,116,63,0,20.3153,20.3153,0,2.76804e-08
107,116,63,0.147339,0,0.147339,1.10465e-08,0
107,117,63,0,10.5888,10.5888,0,2.91785e-07
108,117,63,0,0.466775,0.466775,0,1.31828e-08
87,118,63,0,1.07446,1.07446,0,2.85128e-08
88,118,63,0,0.337545,0.337545,0,9.14022e-09
107,118,63,0,1.36728,1.36728,0,3.80171e-08
108,118,63,0,0.50381,0.50381,0,1.4112e-08
87,119,63,0,1.74062,1.74062,0,4.1581e-08
88,119,63,0,0.868563,0.868563,0,2.27547e-08
91,119,63,0.149003,0,0.149003,7.05045e-09,0
89,120,63,0,0.103548,0.103548,0,4.14117e-09
88,121,63,0.0435018,32.9586,33.0021,2.49405e-09,2.32516e-08
89,121,63,0,34.1262,34.1262,0,2.15706e-08
90,121,63,0,19.4793,19.4793,0,1.24415e-08
107,121,63,0,2.3039,2.3039,0,1.03648e-08
91,122,63,0,35.0164,35.0164,0,2.21754e-08
107,122,63,0,9.38615,9.38615,0,1.95484e-07
110,122,63,0,0.510449,0.510449,0,8.1347e-09
107,123,63,0,8.27155,8.27155,0,1.61579e-07
108,123,63,0,0.667026,0.667026,0,1.58773e-08
109,123,63,0,32.396,32.396,0,3.99824e-08
110,123,63,0,0.449618,0.449618,0,1.19897e-08
111,123,63,0,1.82679,1.82679,0,5.6583e-08
91,124,63,0,3.57328,3.57328,0,1.46984e-08
107,124,63,0,0.0365307,0.0365307,0,7.10621e-10
108,124,63,0,0.483292,0.483292,0,1.35832e-08
109,124,63,0,94.3667,94.3667,0,1.67351e-07
110,124,63,0,2.74851,2.74851,0,6.35769e-08
111,124,63,0,0.856695,0.856695,0,1.32977e-08
112,124,63,0.176006,0.0235179,0.199524,5.16457e-09,5.6433e-10
109,125,63,0,0.580097,0.580097,0,1.42281e-08
110,125,63,0,1.62506,1.62506,0,4.37631e-08
111,125,63,0,4.51962,4.51962,0,8.5855e-08
112,125,63,0,0.193552,0.193552,0,4.22609e-09
109,126,63,0,0.408816,0.408816,0,1.15213e-08
110,126,63,0,1.38419,1.38419,0,3.93899e-08
111,126,63,0,1.37394,1.37394,0,4.23762e-08
112,126,63,1.07263,0,1.07263,3.30732e-08,0
113,126,63,0.332521,0.045091,0.377612,9.17358e-09,1.68631e-09
91,127,63,0.0668117,0,0.0668117,6.96046e-09,0
110,127,63,0,0.177215,0.177215,0,4.32827e-09
85,128,63,0.0246722,0,0.0246722,8.57893e-09,0
86,128,63,0.127181,0,0.127181,3.21798e-08,0
91,128,63,0.0552438,0,0.0552438,7.4538e-09,0
82,129,63,0.423088,0,0.423088,2.92591e-08,0
85,129,63,0.0746152,0,0.0746152,2.27156e-08,0
86,129,63,0.0902013,0,0.0902013,2.4154e-09,0
88,129,63,0.0101899,0,0.0101899,3.38595e-10,0
113,129,63,0.0687951,0,0.0687951,2.5158e-08,0
112,130,63,0.0162939,0,0.0162939,5.50721e-09,0
113,130,63,0.0519392,0,0.0519392,1.03183e-08,0
114,130,63,0.164298,0,0.164298,6.5999e-09,0
108,131,63,0,2.59527,2.59527,0,4.06273e-09
114,131,63,0.0849221,0,0.0849221,6.7402e-09,0
88,132,63,0,0.724014,0.724014,0,1.66421e-08
94,132,63,0.0216441,0,0.0216441,4.50609e-09,0
95,132,63,0.1286,13.032,13.1606,1.18271e-08,2.33807e-07
98,132,63,0,0.0515474,0.0515474,0,1.08172e-09
104,132,63,0.506461,92.5162,93.0227,1.23504e-08,9.66074e-08
107,132,63,0,15.4523,15.4523,0,2.47577e-08
111,132,63,0,0.0961139,0.0961139,0,3.28335e-09
86,133,63,0,0.151248,0.151248,0,2.94871e-09
87,133,63,0,1.79655,1.79655,0,4.43121e-08
88,133,63,0,9.69064,9.69064,0,7.42291e-08
89,133,63,0,0.850498,0.850498,0,1.85374e-08
90,133,63,0,20.4791,20.4791,0,2.11274e-08
95,133,63,0,7.67266,7.67266,0,1.28662e-08
96,133,63,0,7.31209,7.31209,0,1.26104e-08
107,133,63,0,4.35156,4.35156,0,6.93573e-09
108,133,63,0,12.635,12.635,0,1.3384e-08
109,133,63,0,1.68567,1.68567,0,1.738e-09
86,134,63,0,0.928804,0.928804,0,2.38028e-08
87,134,63,0,3.52592,3.52592,0,9.91035e-08
88,134,63,0,3.39922,3.39922,0,5.94307e-08
90,134,63,0,4.41861,4.41861,0,9.02245e-08
91,134,63,0,0.485186,0.485186,0,9.96919e-09
96,134,63,0,1.86108,1.86108,0,3.53034e-09
86,135,63,0,1.5838,1.5838,0,3.87699e-08
87,135,63,0,0.469348,0.469348,0,1.43893e-08
88,135,63,0,3.03698,3.03698,0,9.09331e-08
90,135,63,0,0.962506,0.962506,0,1.96711e-08
94,135,63,0,0.392276,0.392276,0,8.30555e-09
95,135,63,0,1.22657,1.22657,0,3.20471e-08
96,135,63,0,4.46277,4.46277,0,2.2691e-08
86,136,63,0,0.0968005,0.0968005,0,2.58538e-09
94,136,63,0,0.39804,0.39804,0,8.16824e-09
95,136,63,0,1.7817,1.7817,0,3.7888e-08
95,137,63,0,2.72373,2.72373,0,6.17499e-08
96,137,63,0,0.163075,0.163075,0,3.88427e-09
99,137,63,0,1.70354,1.70354,0,3.3315e-08
100,137,63,0,1.02105,1.02105,0,2.38244e-08
95,138,63,0.490563,0.0106415,0.501205,1.9901e-08,4.25581e-10
100,138,63,0,0.691726,0.691726,0,1.64828e-08
95,141,63,0.463151,0,0.463151,1.11136e-08,0
100,141,63,0.669281,0,0.669281,1.95009e-08,0
103,102,64,0.0582908,0,0.0582908,1.97667e-08,0
102,103,64,0.027039,0,0.027039,9.29655e-09,0
103,103,64,0.0886395,0,0.0886395,2.83659e-08,0
93,107,64,3.51818,0,3.51818,9.70586e-08,0
90,108,64,0,1.28043,1.28043,0,1.86283e-08
91,108,64,1.25321,2.16254,3.41575,3.45732e-08,5.40927e-08
90,109,64,0,17.1486,17.1486,0,2.43032e-08
91,110,64,0,38.9368,38.9368,0,2.50408e-08
107,110,64,0,0.958073,0.958073,0,2.21568e-08
89,111,64,0,0.351254,0.351254,0,8.83195e-09
90,111,64,0,0.720971,0.720971,0,1.53894e-08
92,111,64,0,15.5829,15.5829,0,1.64011e-08
101,111,64,0,0.291397,0.291397,0,7.79018e-09
106,111,64,0,1.02317,1.02317,0,2.46445e-08
107,111,64,0,3.02037,3.02037,0,7.594e-08
87,112,64,0,0.716002,0.716002,0,2.05673e-08
88,112,64,0,2.03852,2.03852,0,4.74781e-08
89,112,64,0,3.48545,3.48545,0,7.60572e-08
90,112,64,0,1.89436,1.89436,0,3.96538e-08
91,112,64,0,2.48833,2.48833,0,5.58995e-08
92,112,64,0,55.783,55.783,0,1.64315e-07
93,112,64,0,12.0523,12.0523,0,7.93807e-09
101,112,64,0,2.95475,2.95475,0,7.48112e-08
102,112,64,0,1.85981,1.85981,0,4.28203e-08
104,112,64,0,0.594757,0.594757,0,1.77203e-08
106,112,64,0,0.493839,0.493839,0,1.23663e-08
107,112,64,0,0.723735,0.723735,0,1.92093e-08
87,113,64,0,0.484052,0.484052,0,1.0914e-08
89,113,64,0,0.163896,0.163896,0,4.02165e-09
90,113,64,0,1.2594,1.2594,0,2.48797e-08
92,113,64,0,8.43344,8.43344,0,2.30345e-08
93,113,64,0,13.9248,13.9248,0,8.73487e-09
100,113,64,0,2.41814,2.41814,0,4.76205e-08
101,113,64,0,23.1474,23.1474,0,1.43035e-07
102,113,64,0,4.47303,4.47303,0,1.16599e-07
103,113,64,0,1.61082,1.61082,0,4.49924e-08
105,113,64,0,14.7827,14.7827,0,2.25282e-08
90,114,64,0,0.305599,0.305599,0,6.01669e-09
91,114,64,0,0.885293,0.885293,0,1.74429e-08
93,114,64,0,48.9785,48.9785,0,1.14775e-07
101,114,64,0,44.5274,44.5274,0,3.22177e-08
103,114,64,0.234605,25.3931,25.6277,1.20926e-08,2.33711e-08
104,114,64,0,14.885,14.885,0,1.43345e-08
105,114,64,0,20.3,20.3,0,2.05073e-08
101,115,64,0,15.0252,15.0252,0,2.68386e-08
102,115,64,0,25.2701,25.2701,0,4.37368e-08
103,115,64,0,59.8923,59.8923,0,5.44292e-08
94,116,64,0,37.3727,37.3727,0,4.01718e-08
100,116,64,0.0445793,44.0051,44.0497,4.07355e-09,3.79661e-08
101,116,64,0.0170784,0,0.0170784,3.53844e-09,0
103,116,64,0.0545226,94.5369,94.5914,7.68541e-09,1.97019e-07
89,117,64,0,0.959062,0.959062,0,2.33641e-08
88,118,64,0,1.14681,1.14681,0,3.58044e-08
89,118,64,0,1.67589,1.67589,0,1.2122e-08
90,118,64,0,7.11001,7.11001,0,2.66313e-08
88,119,64,0,42.0904,42.0904,0,2.76576e-08
90,119,64,0,5.12298,5.12298,0,8.83149e-09
91,119,64,0,72.5841,72.5841,0,7.66037e-08
89,120,64,0.010882,42.3734,42.3843,4.77203e-10,2.63201e-08
90,120,64,0,8.48392,8.48392,0,3.59418e-08
91,120,64,0,7.78902,7.78902,0,7.7694e-09
115,120,64,0.10238,0,0.10238,3.4235e-08,0
91,121,64,0,16.9435,16.9435,0,1.05307e-08
109,121,64,0,19.2266,19.2266,0,2.0078e-08
91,122,64,0,71.021,71.021,0,4.41649e-08
107,122,64,0,12.6365,12.6365,0,8.15865e-09
108,122,64,0,17.1666,17.1666,0,1.38766e-08
110,122,64,0,1.57164,1.57164,0,3.22942e-08
111,122,64,0,2.30651,2.30651,0,3.76655e-08
107,123,64,0.0897415,4.81959,4.90933,2.11436e-09,3.12122e-09
108,123,64,0.178112,93.5465,93.7246,5.31476e-09,8.73569e-08
109,123,64,0,70.6351,70.6351,0,4.68161e-08
111,123,64,0,2.67425,2.67425,0,6.50698e-08
112,123,64,0,1.02174,1.02174,0,3.19477e-08
90,124,64,0,14.9386,14.9386,0,1.0548e-08
91,124,64,0,306.894,306.894,0,5.21366e-07
107,124,64,16.6364,0.293753,16.9302,2.03514e-07,9.82449e-09
108,124,64,0,61.8521,61.8521,0,4.15256e-08
109,124,64,0,7.94895,7.94895,0,6.33254e-08
110,124,64,0,22.0616,22.0616,0,4.22448e-08
111,124,64,0,2.41508,2.41508,0,6.80176e-08
112,124,64,1.1833,3.32612,4.50942,3.50888e-08,8.00876e-08
108,125,64,0,1.57002,1.57002,0,4.93596e-08
109,125,64,0,24.2033,24.2033,0,5.96629e-08
110,125,64,0.0923029,2.95552,3.04782,6.3026e-09,5.96717e-08
111,125,64,0,2.31644,2.31644,0,5.59954e-08
112,125,64,0,2.54942,2.54942,0,5.70919e-08
108,126,64,0,0.356008,0.356008,0,9.88796e-09
109,126,64,0,3.93643,3.93643,0,1.02547e-07
110,126,64,0,1.70749,1.70749,0,3.10217e-08
111,126,64,0,1.40589,1.40589,0,4.07051e-08
108,127,64,0,0.101881,0.101881,0,3.48147e-09
109,127,64,0,1.03959,1.03959,0,3.54035e-08
86,128,64,0.00987782,0,0.00987782,3.59871e-09,0
108,128,64,0,0.132543,0.132543,0,4.53598e-09
109,128,64,0,1.21466,1.21466,0,4.15288e-08
86,129,64,0.0133372,0,0.0133372,4.54406e-09,0
108,129,64,0,0.813588,0.813588,0,2.7707e-08
109,129,64,0,0.0474208,0.0474208,0,1.61716e-09
114,129,64,0.0413339,0,0.0413339,1.28733e-08,0
107,131,64,0,8.17417,8.17417,0,1.25837e-08
112,131,64,0,0.178756,0.178756,0,4.52561e-09
113,131,64,0.906541,0.0906629,0.997204,7.18321e-08,2.35589e-09
86,132,64,0,0.560892,0.560892,0,1.21577e-08
87,132,64,0,0.274653,0.274653,0,6.35813e-09
90,132,64,0,41.4795,41.4795,0,4.33041e-08
92,132,64,0,402.935,402.935,0,2.80489e-07
93,132,64,0,15.0917,15.0917,0,1.03243e-08
95,132,64,0.0124379,0,0.0124379,2.05665e-09,0
98,132,64,0,9.78157,9.78157,0,2.0527e-07
104,132,64,0.0268231,0,0.0268231,4.98596e-09,0
105,132,64,0.0832157,0,0.0832157,2.03311e-09,0
106,132,64,0.0432372,0,0.0432372,5.08494e-09,0
107,132,64,0,22.2837,22.2837,0,3.70782e-08
109,132,64,0,6.04208,6.04208,0,1.04178e-08
111,132,64,0,3.14542,3.14542,0,5.18547e-08
112,132,64,0,2.43231,2.43231,0,5.56246e-08
113,132,64,0,0.766185,0.766185,0,1.94377e-08
85,133,64,0,0.260924,0.260924,0,6.62882e-09
86,133,64,0,0.507937,0.507937,0,1.11515e-08
87,133,64,0,1.58974,1.58974,0,3.85107e-08
88,133,64,0,0.584784,0.584784,0,1.48456e-08
89,133,64,0,0.938232,0.938232,0,2.01783e-08
106,133,64,0.0112597,0,0.0112597,3.18066e-10,0
107,133,64,0,4.69804,4.69804,0,7.48797e-09
109,133,64,0,14.3226,14.3226,0,2.60053e-08
111,133,64,0,3.003,3.003,0,1.15772e-08
85,134,64,0,0.917965,0.917965,0,2.18699e-08
86,134,64,0,2.50076,2.50076,0,5.65883e-08
88,134,64,0,1.64296,1.64296,0,5.25216e-08
89,134,64,0,0.962001,0.962001,0,1.99288e-08
90,134,64,0,0.516634,0.516634,0,1.06862e-08
85,135,64,0,0.146961,0.146961,0,3.5143e-09
86,135,64,0,3.02152,3.02152,0,7.83126e-08
90,135,64,0,1.34806,1.34806,0,2.78299e-08
100,135,64,0,1.99497,1.99497,0,6.27061e-09
101,135,64,0,0.220118,0.220118,0,5.36201e-09
100,136,64,0.130857,1.66122,1.79208,1.37247e-08,8.77353e-09
90,137,64,0.059418,0,0.059418,2.17214e-08,0
100,137,64,0.133624,1.14918,1.28281,2.36823e-08,2.88285e-08
101,137,64,0.204848,0,0.204848,6.8094e-09,0
90,138,64,0.0306304,0,0.0306304,1.0863e-08,0
100,138,64,0.357725,0.114895,0.47262,6.3767e-08,3.23992e-09
96,140,64,0.0224136,0,0.0224136,8.00129e-09,0
100,140,64,0.00579498,0,0.00579498,1.94215e-09,0
96,141,64,0.0708909,0,0.0708909,2.33853e-08,0
99,141,64,0.0529125,0,0.0529125,1.78891e-08,0
100,141,64,0.0345492,0,0.0345492,1.0038e-08,0
101,141,64,0.0362845,0,0.0362845,8.06336e-09,0
93,105,65,0,6.97174,6.97174,0,1.86849e-07
102,105,65,0.122559,0,0.122559,4.12956e-08,0
101,106,65,0.0725334,0,0.0725334,1.94643e-08,0
102,106,65,0.0313126,0,0.0313126,9.52559e-09,0
99,107,65,0.386207,0,0.386207,1.49741e-08,0
100,107,65,0.265462,0,0.265462,2.48537e-08,0
89,111,65,0,2.3386,2.3386,0,6.02007e-08
90,111,65,0,0.640253,0.640253,0,1.53209e-08
101,111,65,0,0.384978,0.384978,0,9.60001e-09
102,111,65,0,1.38484,1.38484,0,3.26135e-08
105,111,65,0,0.700085,0.700085,0,1.62228e-08
106,111,65,0,1.3143,1.3143,0,2.85995e-08
107,111,65,0,0.690163,0.690163,0,2.27557e-08
87,112,65,0,0.348336,0.348336,0,1.32826e-08
88,112,65,0,1.41127,1.41127,0,4.10476e-08
89,112,65,0,1.65607,1.65607,0,4.37197e-08
90,112,65,0,3.01385,3.01385,0,7.35813e-08
91,112,65,0,1.22091,1.22091,0,2.80522e-08
100,112,65,0,0.143716,0.143716,0,3.53478e-09
101,112,65,0,4.48575,4.48575,0,1.10703e-07
102,112,65,0,2.5508,2.5508,0,5.94228e-08
104,112,65,0,1.46465,1.46465,0,3.80557e-08
106,112,65,0,1.39711,1.39711,0,3.64716e-08
107,112,65,0,1.17282,1.17282,0,3.64189e-08
100,113,65,0,2.97567,2.97567,0,8.10581e-08
101,113,65,0,1.39395,1.39395,0,3.26406e-08
102,113,65,0,1.14843,1.14843,0,2.59937e-08
103,113,65,0,17.509,17.509,0,1.70314e-08
105,113,65,0,11.6625,11.6625,0,1.90169e-08
107,113,65,0,0.0507041,0.0507041,0,1.54717e-09
108,113,65,0,2.38312,2.38312,0,1.8092e-08
87,114,65,0,0.936631,0.936631,0,2.16631e-08
100,114,65,0,1.0352,1.0352,0,3.14515e-08
104,114,65,0,52.3747,52.3747,0,5.64919e-08
108,114,65,0,1.13953,1.13953,0,6.64313e-09
87,115,65,0,1.03915,1.03915,0,2.86339e-08
88,115,65,0,0.717227,0.717227,0,1.90527e-08
102,115,65,0.0443995,0,0.0443995,8.21433e-09,0
103,115,65,0.0014534,9.19056,9.19201,3.48753e-11,1.51163e-08
104,115,65,0,5.93625,5.93625,0,9.73033e-09
89,116,65,0,1.22445,1.22445,0,2.97664e-08
96,116,65,11.7754,0,11.7754,1.44041e-07,0
97,116,65,0,269.399,269.399,0,1.74201e-07
100,116,65,0,13.9248,13.9248,0,1.19734e-08
101,116,65,0,0.251465,0.251465,0,2.63902e-09
102,116,65,0,0.667725,0.667725,0,7.02027e-09
103,116,65,0.438541,69.2199,69.6585,1.0273e-08,4.9366e-08
104,116,65,0.0129981,7.01641,7.0294,3.55047e-09,1.88747e-07
89,117,65,0,1.8393,1.8393,0,4.41465e-08
86,118,65,0,5.97462,5.97462,0,6.14935e-09
87,118,65,0,47.3409,47.3409,0,3.40267e-08
88,118,65,0,1.1834,1.1834,0,3.24304e-08
89,118,65,0,4.4379,4.4379,0,1.65553e-08
90,118,65,0,12.9485,12.9485,0,3.21324e-08
91,118,65,0,8.4471,8.4471,0,2.83566e-08
84,119,65,0,0.056961,0.056961,0,1.34947e-09
85,119,65,0,0.591643,0.591643,0,1.26628e-08
88,119,65,0,0.486629,0.486629,0,1.47854e-08
90,119,65,0,1.52052,1.52052,0,7.07464e-09
91,119,65,0,63.0298,63.0298,0,2.93701e-07
107,119,65,0,11.5962,11.5962,0,1.1408e-08
90,120,65,0,0.801039,0.801039,0,3.609e-09
108,120,65,0,24.3241,24.3241,0,2.4008e-08
113,120,65,0.123546,0,0.123546,2.15475e-08,0
115,120,65,0.202421,0,0.202421,4.85722e-08,0
116,120,65,0.0107167,0,0.0107167,3.13837e-09,0
109,121,65,0,15.2788,15.2788,0,1.83702e-08
110,121,65,0,3.37676,3.37676,0,2.09105e-08
107,122,65,0,276.952,276.952,0,2.80643e-07
108,122,65,0,109.495,109.495,0,9.49129e-08
109,122,65,0,20.1409,20.1409,0,1.63048e-08
110,122,65,0,16.7952,16.7952,0,2.93576e-08
111,122,65,0,1.49342,1.49342,0,1.45739e-08
91,123,65,0,213.377,213.377,0,2.13609e-07
107,123,65,1.96438,0.0894162,2.0538,2.84037e-07,2.79811e-09
108,123,65,0,38.1704,38.1704,0,4.54081e-08
109,123,65,0.0855936,46.9596,47.0452,2.68741e-09,9.80142e-08
110,123,65,0,35.5256,35.5256,0,8.83443e-08
111,123,65,0,2.42819,2.42819,0,5.36305e-08
112,123,65,0.484465,0.187465,0.67193,5.75581e-08,6.40473e-09
90,124,65,0.0412857,0,0.0412857,5.52623e-09,0
91,124,65,0.100317,3.57314,3.67346,5.5611e-09,1.36956e-08
107,124,65,0,6.58003,6.58003,0,7.80643e-09
108,124,65,0.0757471,33.5014,33.5772,2.4968e-09,3.21249e-08
109,124,65,0,35.0936,35.0936,0,4.44742e-08
110,124,65,0,21.4846,21.4846,0,1.32275e-07
111,124,65,0,15.1592,15.1592,0,5.98442e-08
112,124,65,0,0.861448,0.861448,0,2.20661e-08
107,125,65,0,268.237,268.237,0,3.05222e-07
108,125,65,0,34.1442,34.1442,0,3.32158e-08
109,125,65,0,43.5378,43.5378,0,7.59802e-08
110,125,65,0,40.5375,40.5375,0,1.39521e-07
111,125,65,0,18.3177,18.3177,0,1.01709e-07
112,125,65,0,6.24824,6.24824,0,8.43231e-08
109,126,65,0,0.604737,0.604737,0,1.37221e-08
110,126,65,0,2.86284,2.86284,0,3.34208e-08
111,126,65,0,0.714739,0.714739,0,1.25595e-08
108,127,65,0,32.538,32.538,0,2.24427e-08
109,127,65,0,1.13231,1.13231,0,3.17344e-08
107,128,65,0,0.243348,0.243348,0,8.24885e-09
109,128,65,0,1.28758,1.28758,0,4.4091e-08
108,129,65,0,1.57515,1.57515,0,5.33811e-08
112,131,65,0.217955,0.0396102,0.257566,6.17758e-09,1.09632e-09
113,131,65,0,0.569663,0.569663,0,1.48688e-08
101,132,65,0.00906586,0,0.00906586,2.61604e-10,0
105,132,65,0.13387,411.918,412.052,6.36232e-09,2.99949e-07
106,132,65,0.150093,0,0.150093,4.98673e-09,0
108,132,65,0,8.24759,8.24759,0,1.40733e-08
109,132,65,0,13.106,13.106,0,2.30501e-08
112,132,65,0,1.37683,1.37683,0,3.81922e-08
85,133,65,0.0702274,0.0922462,0.162474,1.93742e-09,2.24204e-09
86,133,65,1.22145,0.579056,1.80051,3.36972e-08,1.59611e-08
105,133,65,0.0694544,0,0.0694544,5.21559e-09,0
110,133,65,0,5.86644,5.86644,0,1.36881e-08
111,133,65,0,5.18914,5.18914,0,1.61292e-08
85,134,65,0,0.731705,0.731705,0,1.90247e-08
86,134,65,0,5.4675,5.4675,0,1.23291e-07
101,134,65,0,2.60705,2.60705,0,6.32937e-08
111,134,65,0,0.848721,0.848721,0,2.27221e-09
90,135,65,0,0.901456,0.901456,0,1.86913e-08
100,135,65,0,7.53766,7.53766,0,3.32136e-08
101,135,65,0,31.5928,31.5928,0,7.02366e-08
100,136,65,0,2.94196,2.94196,0,4.83461e-08
101,136,65,0.165298,2.65541,2.82071,4.31475e-08,9.73653e-09
89,137,65,0.184061,0,0.184061,6.47266e-08,0
90,137,65,0.0310525,0,0.0310525,9.08414e-09,0
95,137,65,0.110446,0,0.110446,1.25271e-08,0
100,137,65,0.0344684,0.738697,0.773165,7.47852e-09,2.06627e-08
101,137,65,0.0294369,0.49811,0.527547,7.97444e-09,1.53877e-08
90,138,65,0.0509382,0,0.0509382,1.78074e-08,0
95,138,65,0.227945,0,0.227945,9.2472e-09,0
96,138,65,0.0817834,0,0.0817834,2.91426e-08,0
97,138,65,0.148168,0,0.148168,3.73651e-08,0
98,138,65,0.159549,0,0.159549,5.7015e-08,0
100,138,65,0,0.0066478,0.0066478,0,2.23496e-10
101,138,65,0,0.203482,0.203482,0,6.53079e-09
90,139,65,0,0.485589,0.485589,0,1.05803e-08
91,139,65,0.485306,0.592068,1.07737,4.45962e-08,1.36405e-08
90,140,65,0.537826,0,0.537826,4.54335e-08,0
95,140,65,0.0435887,0,0.0435887,1.57948e-08,0
90,141,65,0.342228,0,0.342228,6.37282e-08,0
99,141,65,0.0498379,0,0.0498379,1.78059e-08,0
88,142,65,0.0563267,0,0.0563267,9.66845e-09,0
88,143,65,0.166369,0,0.166369,5.06728e-08,0
95,104,66,0,0.0184283,0.0184283,0,4.60341e-10
98,104,66,1.67362,0,1.67362,1.08165e-07,0
94,105,66,0,1.77731,1.77731,0,3.97787e-08
95,105,66,0,0.390423,0.390423,0,8.32795e-09
99,105,66,0.10533,0,0.10533,6.80744e-09,0
98,107,66,0.626116,0,0.626116,3.53515e-08,0
90,111,66,0,0.535647,0.535647,0,1.36339e-08
102,111,66,0,0.654739,0.654739,0,1.58092e-08
88,112,66,0,0.178503,0.178503,0,5.68508e-09
89,112,66,0,0.94188,0.94188,0,2.39645e-08
90,112,66,0,2.9285,2.9285,0,7.28401e-08
91,112,66,0,0.22401,0.22401,0,5.06686e-09
97,112,66,0.825408,0,0.825408,2.11869e-08,0
99,112,66,0.444786,0,0.444786,2.61013e-08,0
100,112,66,0,0.0755855,0.0755855,0,1.89114e-09
101,112,66,0,1.51493,1.51493,0,3.92407e-08
107,112,66,0,0.919679,0.919679,0,3.11616e-08
96,113,66,0,7.44701,7.44701,0,1.12851e-07
97,113,66,0.43542,0,0.43542,1.07523e-07,0
99,113,66,0,0.174408,0.174408,0,4.90282e-09
100,113,66,0,0.625819,0.625819,0,1.68149e-08
101,113,66,0,1.99452,1.99452,0,4.4214e-08
102,113,66,0,0.241531,0.241531,0,6.54839e-09
107,113,66,0,0.601142,0.601142,0,1.22465e-08
108,113,66,0,0.873161,0.873161,0,9.59478e-09
87,114,66,0,0.179196,0.179196,0,4.24392e-09
93,114,66,0.00297852,0,0.00297852,7.14716e-11,0
94,114,66,0,0.538452,0.538452,0,1.71853e-08
95,114,66,0,94.6383,94.6383,0,1.03821e-07
97,114,66,0,1.95634,1.95634,0,1.30661e-08
99,114,66,0,82.3709,82.3709,0,1.62954e-07
100,114,66,0,0.964263,0.964263,0,1.87892e-08
101,114,66,0,0.594635,0.594635,0,1.15775e-08
108,114,66,0,2.60886,2.60886,0,1.62075e-08
109,114,66,0,2.81695,2.81695,0,1.61517e-08
86,115,66,0,0.775879,0.775879,0,1.91499e-08
87,115,66,0,1.9033,1.9033,0,5.32106e-08
94,115,66,0,0.803433,0.803433,0,2.48825e-08
96,115,66,0,0.761755,0.761755,0,2.09165e-08
97,115,66,0,9.29451,9.29451,0,2.55155e-07
101,115,66,0,0.517043,0.517043,0,1.56568e-09
102,115,66,0,4.27418,4.27418,0,4.68017e-08
104,115,66,0,10.81,10.81,0,1.09323e-08
109,115,66,0,0.702563,0.702563,0,3.80326e-09
87,116,66,0,0.158479,0.158479,0,3.76662e-09
97,116,66,0,5.41271,5.41271,0,2.16469e-07
99,116,66,0.321097,0,0.321097,1.04764e-07,0
101,116,66,0,7.11894,7.11894,0,2.0906e-08
102,116,66,0,1.41753,1.41753,0,4.24004e-09
103,116,66,0,302.409,302.409,0,3.0624e-07
104,116,66,0.0940047,5.79683,5.89084,2.59499e-09,5.87027e-09
89,117,66,0,0.751744,0.751744,0,1.79468e-08
84,118,66,0,0.46851,0.46851,0,1.22217e-08
86,118,66,0,0.926315,0.926315,0,2.35419e-08
90,118,66,0,14.1194,14.1194,0,3.48146e-08
91,118,66,0,5.18155,5.18155,0,1.17506e-08
108,118,66,0,0.931176,0.931176,0,1.81863e-08
84,119,66,0,4.0004,4.0004,0,9.81119e-08
85,119,66,0,1.85465,1.85465,0,4.51628e-08
86,119,66,0,1.60951,1.60951,0,3.91116e-08
107,119,66,0.17866,5.68727,5.86593,8.24249e-09,1.39627e-08
108,119,66,0,0.740896,0.740896,0,1.44669e-08
114,119,66,0.0650809,0,0.0650809,1.33116e-08,0
109,120,66,0,14.3868,14.3868,0,1.43179e-08
113,120,66,0.22605,0,0.22605,5.42421e-09,0
109,121,66,0,6.38564,6.38564,0,1.37584e-08
110,121,66,0,21.1825,21.1825,0,2.14419e-08
111,121,66,0,0.893187,0.893187,0,1.8691e-08
112,121,66,0,0.324037,0.324037,0,7.0984e-09
91,122,66,0,263.746,263.746,0,2.10386e-07
107,122,66,6.06311,481.45,487.513,1.00675e-07,2.99285e-07
108,122,66,0,40.0975,40.0975,0,2.53958e-08
109,122,66,0,91.5559,91.5559,0,9.34616e-08
110,122,66,0,11.5395,11.5395,0,3.93384e-08
111,122,66,0,0.52199,0.52199,0,1.08926e-08
112,122,66,0,1.59032,1.59032,0,3.41052e-08
107,123,66,7.26414,546.931,554.195,1.31882e-07,6.30118e-07
108,123,66,0.109179,49.4766,49.5858,4.59273e-09,8.59509e-08
109,123,66,0.462597,70.4488,70.9114,1.72282e-08,1.63644e-07
110,123,66,0,35.8164,35.8164,0,9.5863e-08
111,123,66,0,0.731802,0.731802,0,2.01844e-08
112,123,66,0,0.726479,0.726479,0,2.04396e-08
90,124,66,0,0.257624,0.257624,0,3.63962e-09
91,124,66,0,0.391111,0.391111,0,5.41587e-09
103,124,66,2.81133,0,2.81133,6.74596e-08,0
107,124,66,230.942,5470.05,5700.99,1.00011e-05,4.13453e-06
108,124,66,1.02006,249.145,250.165,3.5108e-08,2.82339e-07
109,124,66,0,73.7028,73.7028,0,8.84461e-08
110,124,66,0,39.4025,39.4025,0,8.87388e-08
111,124,66,0,6.06517,6.06517,0,9.94014e-08
112,124,66,0,2.44931,2.44931,0,6.49802e-08
113,124,66,0,0.117839,0.117839,0,3.38346e-09
90,125,66,0,1.46301,1.46301,0,2.10382e-08
107,125,66,3.78533,953.886,957.671,1.37371e-07,7.30373e-07
108,125,66,0.11424,39.1758,39.29,3.10758e-09,5.5229e-08
109,125,66,0.663957,110.436,111.1,2.50337e-08,1.48842e-07
110,125,66,0,0.925149,0.925149,0,1.9915e-08
111,125,66,0.590579,6.70304,7.29362,2.33237e-08,1.10803e-07
112,125,66,0.54021,1.61349,2.1537,2.13173e-08,4.90252e-08
113,125,66,0.331063,1.22304,1.5541,9.13328e-09,3.02092e-08
90,126,66,0,1.19769,1.19769,0,1.81342e-08
107,126,66,0.0469973,0,0.0469973,1.80413e-09,0
108,126,66,0,83.9055,83.9055,0,8.40074e-08
109,126,66,0.116249,96.7045,96.8208,4.47961e-09,1.28254e-07
110,126,66,0.0731492,25.3098,25.383,3.43347e-09,5.78855e-08
111,126,66,0,1.2896,1.2896,0,2.91084e-08
112,126,66,0,0.749105,0.749105,0,1.70307e-08
107,127,66,0,20.2938,20.2938,0,1.38417e-08
108,127,66,0,3.65185,3.65185,0,4.09378e-09
109,127,66,0,1.27598,1.27598,0,4.32792e-08
110,127,66,0,6.47447,6.47447,0,4.07113e-09
108,128,66,0,16.1608,16.1608,0,1.11157e-08
109,128,66,0,0.0457192,0.0457192,0,1.55133e-09
107,129,66,0,7.55892,7.55892,0,2.42962e-07
108,129,66,0,1.21534,1.21534,0,4.09397e-08
91,132,66,1.0187,0,1.0187,3.20769e-07,0
99,132,66,0,10.2947,10.2947,0,1.32657e-07
100,132,66,0.191367,0,0.191367,2.9128e-08,0
101,132,66,0,47.4278,47.4278,0,4.10487e-08
102,132,66,0,64.1217,64.1217,0,4.09229e-08
103,132,66,0.899707,0,0.899707,3.72906e-08,0
105,132,66,0.316662,0,0.316662,2.06955e-08,0
105,133,66,0.0226951,0,0.0226951,2.97212e-09,0
88,134,66,0.271366,0,0.271366,1.19071e-08,0
99,134,66,0.00192576,0.799592,0.801517,8.15626e-11,1.99146e-08
101,134,66,0,13.6876,13.6876,0,8.7362e-09
102,134,66,0.276815,0,0.276815,1.14733e-08,0
105,134,66,0.0056502,0,0.0056502,1.3558e-10,0
90,135,66,0,0.208668,0.208668,0,4.52663e-09
91,135,66,0,1.68518,1.68518,0,3.74275e-08
101,135,66,0.182596,34.794,34.9766,1.62692e-08,2.81727e-08
91,136,66,0,1.64552,1.64552,0,3.41718e-08
101,136,66,0.0386728,0,0.0386728,1.32322e-08,0
102,136,66,0.0189396,0,0.0189396,6.67057e-09,0
95,137,66,0.21761,0,0.21761,1.23484e-08,0
96,137,66,0.103464,0,0.103464,1.44574e-08,0
97,137,66,0.059294,0,0.059294,1.82503e-08,0
101,137,66,0.0360846,0,0.0360846,1.26056e-08,0
102,137,66,0.029188,0,0.029188,1.04761e-08,0
91,138,66,0.0774394,0,0.0774394,2.23137e-08,0
96,138,66,0.085916,0,0.085916,2.76674e-08,0
97,111,67,0.469809,0,0.469809,1.4555e-08,0
97,112,67,0.159314,0,0.159314,4.47232e-08,0
100,112,67,0.0224254,1.49252,1.51494,4.02679e-09,5.02487e-08
101,112,67,0.0451836,0.124413,0.169597,1.51206e-08,3.29223e-09
102,112,67,0,0.259605,0.259605,0,6.68663e-09
107,112,67,0,0.487775,0.487775,0,1.61883e-08
108,112,67,0,0.258599,0.258599,0,7.13996e-09
97,113,67,1.18648,1.43049,2.61696,5.28947e-08,1.19145e-08
100,113,67,0,0.0668319,0.0668319,0,2.22864e-09
101,113,67,0.0513574,13.2078,13.2592,1.68161e-08,9.65036e-08
102,113,67,0,2.81092,2.81092,0,7.1853e-08
107,113,67,0,0.0563645,0.0563645,0,1.87379e-09
94,114,67,0,0.178927,0.178927,0,5.69762e-09
97,114,67,0,0.617303,0.617303,0,1.88015e-08
99,114,67,0,23.1079,23.1079,0,1.58612e-08
101,114,67,0,0.745948,0.745948,0,1.45243e-08
102,114,67,0,1.7722,1.7722,0,1.98648e-08
109,114,67,0,2.62631,2.62631,0,1.46568e-08
86,115,67,0,0.175155,0.175155,0,4.19405e-09
87,115,67,0,1.13748,1.13748,0,3.03552e-08
88,115,67,0,0.209686,0.209686,0,7.11789e-09
90,115,67,0,9.1408,9.1408,0,1.3436e-08
94,115,67,0,2.43661,2.43661,0,7.64766e-08
95,115,67,0,0.962649,0.962649,0,3.01497e-08
96,115,67,0,0.707763,0.707763,0,2.17667e-08
97,115,67,0,1.9279,1.9279,0,5.8767e-08
99,115,67,0.0256051,1.07548,1.10108,1.77181e-09,3.36774e-09
101,115,67,0.00614503,8.07542,8.08156,1.47454e-10,2.47398e-08
106,115,67,0.111175,0,0.111175,2.68882e-09,0
109,115,67,0,3.15094,3.15094,0,1.69481e-08
87,116,67,0,1.48147,1.48147,0,4.05207e-08
96,116,67,0.0154402,0.503561,0.519001,1.28931e-09,1.54737e-08
97,116,67,1.65106,0,1.65106,2.46285e-07,0
99,116,67,0.191931,7.35219,7.54412,1.02956e-08,2.30945e-08
100,116,67,0.138695,37.0071,37.1457,7.52276e-09,1.16351e-07
101,116,67,0.234327,0,0.234327,1.05205e-08,0
102,116,67,1.92599,19.8402,21.7662,2.1618e-07,7.28473e-08
104,116,67,0,27.937,27.937,0,2.43642e-08
106,116,67,0.449085,0,0.449085,8.587e-09,0
87,117,67,0,1.05846,1.05846,0,2.97024e-08
108,117,67,0,1.51041,1.51041,0,2.81914e-08
86,118,67,0,1.50603,1.50603,0,3.70669e-08
87,118,67,0,0.194033,0.194033,0,6.25242e-09
89,118,67,0,3.15942,3.15942,0,6.00367e-09
91,118,67,0.0553747,0,0.0553747,4.50444e-09,0
107,118,67,0,1.02687,1.02687,0,2.00406e-08
85,119,67,0,0.647283,0.647283,0,1.59955e-08
86,119,67,0,1.03513,1.03513,0,2.74898e-08
87,119,67,0,0.508275,0.508275,0,1.21711e-08
89,119,67,0,8.13416,8.13416,0,1.20003e-08
90,119,67,0,7.14044,7.14044,0,1.11618e-08
107,119,67,2.49745,54.1712,56.6686,1.95383e-07,6.16704e-08
108,119,67,0,15.1971,15.1971,0,2.30734e-08
111,119,67,0,5.0026,5.0026,0,1.32793e-08
90,120,67,0,39.3957,39.3957,0,4.07478e-08
91,120,67,0,207.244,207.244,0,1.80814e-07
111,120,67,0,39.6766,39.6766,0,8.06629e-08
112,120,67,0,0.809318,0.809318,0,1.96726e-08
90,121,67,0,14.5221,14.5221,0,1.65264e-08
91,121,67,0,194.46,194.46,0,2.28229e-07
110,121,67,0,2.3578,2.3578,0,1.76871e-08
111,121,67,0,0.653591,0.653591,0,1.55823e-08
112,121,67,0,0.853939,0.853939,0,2.19714e-08
108,122,67,0,29.8055,29.8055,0,2.91928e-08
109,122,67,0,16.9766,16.9766,0,1.49837e-08
110,122,67,0,98.3098,98.3098,0,8.31392e-08
111,122,67,0,0.429109,0.429109,0,1.19506e-08
112,122,67,0,3.56076,3.56076,0,9.47128e-08
113,122,67,0,2.00766,2.00766,0,4.99757e-08
86,123,67,0,0.054049,0.054049,0,1.20188e-09
87,123,67,0,1.92777,1.92777,0,4.21839e-08
91,123,67,0.0899606,0,0.0899606,2.26098e-09,0
107,123,67,13.5309,738.833,752.364,6.38431e-07,7.32839e-07
108,123,67,0.0228669,207.645,207.668,5.48707e-10,1.6107e-07
109,123,67,0,73.9099,73.9099,0,9.38806e-08
110,123,67,0,53.5358,53.5358,0,8.09973e-08
111,123,67,0,0.120598,0.120598,0,4.54858e-09
112,123,67,0,1.80653,1.80653,0,5.33667e-08
113,123,67,0,1.49161,1.49161,0,2.34317e-08
90,124,67,0.0485557,0,0.0485557,3.78122e-09,0
91,124,67,0.137887,0,0.137887,7.22783e-09,0
99,124,67,18.185,0,18.185,3.64595e-07,0
102,124,67,1.83749,0,1.83749,4.40917e-08,0
107,124,67,294.953,7721.2,8016.16,1.32112e-05,5.97783e-06
108,124,67,1.21348,333.616,334.83,4.39735e-08,2.85282e-07
109,124,67,0.157876,158.542,158.7,1.04727e-08,1.20721e-07
110,124,67,0,20.8575,20.8575,0,6.65782e-08
111,124,67,0,2.54498,2.54498,0,1.59494e-08
112,124,67,0,3.42728,3.42728,0,8.9047e-08
113,124,67,0,1.02938,1.02938,0,2.52781e-08
91,125,67,0,38.065,38.065,0,2.97473e-07
107,125,67,6.02977,718.261,724.291,4.11653e-07,6.91181e-07
108,125,67,0.09278,85.8468,85.9395,3.22552e-09,9.0395e-08
109,125,67,0,96.1528,96.1528,0,1.31328e-07
110,125,67,0,22.988,22.988,0,2.57088e-08
111,125,67,0,7.05973,7.05973,0,6.91123e-08
112,125,67,0,1.00765,1.00765,0,3.53128e-08
113,125,67,0,1.8343,1.8343,0,4.31672e-08
89,126,67,0,0.792212,0.792212,0,1.55813e-08
90,126,67,0,17.2777,17.2777,0,2.45286e-08
91,126,67,0,11.9205,11.9205,0,1.89201e-07
108,126,67,0,75.617,75.617,0,6.76525e-08
109,126,67,0,53.0351,53.0351,0,5.32195e-08
110,126,67,0,43.7666,43.7666,0,5.03626e-08
111,126,67,0,2.4508,2.4508,0,6.73724e-08
112,126,67,0,0.191176,0.191176,0,5.00439e-09
89,127,67,0,2.0404,2.0404,0,4.00353e-08
107,127,67,0,88.4761,88.4761,0,6.08655e-08
109,127,67,0,1.19607,1.19607,0,1.2597e-09
110,127,67,0,0.549201,0.549201,0,1.2202e-08
111,127,67,0,1.03306,1.03306,0,2.20885e-08
108,128,67,0,1.637,1.637,0,5.49066e-08
110,128,67,0,1.68314,1.68314,0,3.53919e-08
111,128,67,0,0.0585089,0.0585089,0,1.17348e-09
87,129,67,0,0.150456,0.150456,0,3.82907e-09
107,129,67,0,0.20977,0.20977,0,6.77464e-09
108,129,67,0,0.86135,0.86135,0,2.90129e-08
109,129,67,0,0.00991378,0.00991378,0,3.33704e-10
110,129,67,0,1.2489,1.2489,0,2.47263e-08
111,129,67,0,0.379354,0.379354,0,7.53165e-09
87,130,67,0,3.17859,3.17859,0,7.84411e-08
91,130,67,0,14.3929,14.3929,0,2.79947e-07
86,131,67,0,0.37724,0.37724,0,7.33728e-09
87,131,67,0,0.423988,0.423988,0,1.26449e-08
86,132,67,0,0.332699,0.332699,0,1.055e-08
87,132,67,0,2.21738,2.21738,0,5.84735e-08
94,132,67,0,279.905,279.905,0,3.08919e-07
95,132,67,0,3.2908,3.2908,0,3.58084e-09
96,132,67,0.0619303,0,0.0619303,3.31145e-09,0
99,132,67,1.79338,0,1.79338,1.6801e-07,0
101,132,67,0,63.7762,63.7762,0,3.30134e-07
105,132,67,0.791569,43.0921,43.8837,2.13696e-08,2.87495e-07
87,133,67,0,0.377794,0.377794,0,9.62911e-09
105,133,67,0.0488494,0,0.0488494,1.17217e-09,0
93,134,67,0,1.22928,1.22928,0,2.9127e-08
94,134,67,0,0.157409,0.157409,0,3.97793e-09
95,134,67,0,5.85735,5.85735,0,1.18711e-08
96,134,67,0,2.62599,2.62599,0,4.2442e-08
98,134,67,0,0.450097,0.450097,0,1.12101e-08
99,134,67,0,0.389647,0.389647,0,9.70455e-09
102,134,67,0,13.8848,13.8848,0,1.21197e-08
104,134,67,0.00548037,0,0.00548037,1.31505e-10,0
105,134,67,0.154368,0,0.154368,7.4924e-09,0
90,135,67,0,0.487746,0.487746,0,1.21936e-08
91,135,67,0,0.16635,0.16635,0,4.15873e-09
92,135,67,0,2.07319,2.07319,0,4.47983e-08
93,135,67,0,0.942045,0.942045,0,1.86495e-08
94,135,67,0,6.90211,6.90211,0,1.45126e-08
95,135,67,0,10.0789,10.0789,0,2.26308e-08
99,135,67,0,0.402044,0.402044,0,4.53338e-10
93,136,67,0,2.95249,2.95249,0,7.83098e-08
93,137,67,0,0.445963,0.445963,0,9.92495e-09
102,137,67,0.0287271,0,0.0287271,1.02305e-08,0
89,143,67,0.101416,0,0.101416,3.29483e-08,0
96,108,68,0.0557537,0,0.0557537,1.99924e-08,0
97,110,68,0.359818,0,0.359818,3.68045e-08,0
97,112,68,0,0.104717,0.104717,0,3.95364e-09
98,112,68,0,0.187842,0.187842,0,5.55614e-09
97,113,68,0,0.748259,0.748259,0,2.22459e-08
98,113,68,0,1.63338,1.63338,0,4.68702e-08
99,113,68,0,0.362035,0.362035,0,8.85093e-09
100,113,68,0,5.84229,5.84229,0,1.87929e-08
101,113,68,0,51.4304,51.4304,0,1.07022e-07
102,113,68,0,0.413675,0.413675,0,1.0392e-08
98,114,68,0,19.4145,19.4145,0,1.46638e-08
101,114,68,0,55.6887,55.6887,0,4.44902e-08
86,115,68,0,0.0182707,0.0182707,0,5.27462e-10
87,115,68,0,0.454316,0.454316,0,1.18196e-08
89,115,68,0,30.7609,30.7609,0,4.80467e-08
90,115,68,0,47.6255,47.6255,0,6.91272e-08
95,115,68,0,2.1066,2.1066,0,6.62802e-08
97,115,68,0,0.251039,0.251039,0,7.69544e-09
99,115,68,0,18.2503,18.2503,0,1.24772e-08
100,115,68,0,6.56652,6.56652,0,2.0249e-08
103,115,68,0.00291671,0,0.00291671,1.76984e-10,0
104,115,68,0.147556,5.98121,6.12877,4.1297e-09,3.99551e-09
105,115,68,0,0.095127,0.095127,0,1.85969e-09
86,116,68,0,0.454355,0.454355,0,1.21465e-08
87,116,68,0,1.5795,1.5795,0,4.69443e-08
94,116,68,0.024281,0,0.024281,6.12311e-09,0
99,116,68,0,14.9375,14.9375,0,1.00146e-08
103,116,68,0,31.5094,31.5094,0,2.10836e-08
104,116,68,0.300403,6.02934,6.32974,7.69408e-09,4.02069e-09
105,116,68,0,73.6744,73.6744,0,7.23453e-08
108,116,68,0,6.37232,6.37232,0,3.37294e-08
87,117,68,0,0.23421,0.23421,0,6.17517e-09
108,117,68,0,0.891072,0.891072,0,4.62257e-09
109,117,68,0,0.558624,0.558624,0,1.06013e-08
88,118,68,0,8.48138,8.48138,0,1.59733e-08
89,118,68,0,11.4669,11.4669,0,2.22443e-08
107,118,68,0,62.3495,62.3495,0,8.74258e-08
108,118,68,0,0.427548,0.427548,0,8.76781e-09
109,118,68,0,41.832,41.832,0,6.78349e-08
111,118,68,0,0.402892,0.402892,0,8.18327e-09
89,119,68,0,11.1198,11.1198,0,1.89362e-08
90,119,68,0,58.7207,58.7207,0,8.35651e-08
108,119,68,0,44.3798,44.3798,0,4.81934e-08
109,119,68,0,2.23025,2.23025,0,4.07155e-08
110,119,68,0,1.6447,1.6447,0,2.81544e-08
111,119,68,0,5.01181,5.01181,0,2.45051e-08
91,120,68,0,14.938,14.938,0,1.2322e-08
110,120,68,0,0.74696,0.74696,0,1.85501e-08
111,120,68,0,1.59697,1.59697,0,4.56403e-08
112,120,68,0,0.841707,0.841707,0,2.81636e-08
113,120,68,0.143677,0,0.143677,2.67395e-08,0
114,120,68,0.0592654,0,0.0592654,1.04905e-08,0
87,121,68,0,0.835183,0.835183,0,2.8183e-08
88,121,68,0,0.139778,0.139778,0,4.07457e-09
109,121,68,0,5.48644,5.48644,0,1.19021e-08
110,121,68,0.0243886,47.1918,47.2162,1.01202e-09,9.5137e-08
111,121,68,0,4.41677,4.41677,0,9.0347e-08
112,121,68,0.0122431,1.73846,1.75071,2.72312e-09,4.67681e-08
86,122,68,0,0.262774,0.262774,0,6.57365e-09
87,122,68,0,1.71761,1.71761,0,4.74218e-08
88,122,68,0,1.07372,1.07372,0,3.20122e-08
107,122,68,0,7.14223,7.14223,0,8.97426e-09
110,122,68,0,2.93245,2.93245,0,3.30351e-09
111,122,68,0,2.21637,2.21637,0,3.46256e-08
112,122,68,0.266679,0.602422,0.869101,3.4106e-08,1.27487e-08
86,123,68,0,1.09214,1.09214,0,2.45095e-08
87,123,68,0,1.43655,1.43655,0,2.86882e-08
107,123,68,0,37.9798,37.9798,0,3.0524e-08
108,123,68,0,137.134,137.134,0,1.19381e-07
109,123,68,0,65.6019,65.6019,0,7.81017e-08
110,123,68,0,29.1235,29.1235,0,3.0955e-08
111,123,68,1.8995,3.73425,5.63375,7.66423e-08,5.4618e-08
112,123,68,0.0503648,10.8419,10.8923,1.36053e-08,4.09703e-08
113,123,68,0,9.63955,9.63955,0,7.25381e-09
91,124,68,0.00430114,0,0.00430114,1.03209e-10,0
107,124,68,0.0352994,254.824,254.859,7.54373e-09,3.0324e-07
108,124,68,0.0228203,335.774,335.797,1.13363e-09,2.89235e-07
109,124,68,0,72.1656,72.1656,0,7.7863e-08
110,124,68,0,45.7749,45.7749,0,3.61823e-08
111,124,68,0,1.51575,1.51575,0,4.13916e-08
112,124,68,0,6.25907,6.25907,0,2.72482e-08
113,124,68,0,0.414638,0.414638,0,5.95629e-09
90,125,68,0,2.57112,2.57112,0,1.74601e-09
91,125,68,0,16.8981,16.8981,0,1.16144e-08
107,125,68,0.173992,45.967,46.141,6.09038e-09,3.44001e-08
108,125,68,0.452139,214.512,214.964,1.59765e-08,1.79654e-07
109,125,68,0,113.654,113.654,0,9.6294e-08
110,125,68,0,54.2109,54.2109,0,4.56664e-08
111,125,68,0,33.5849,33.5849,0,1.15459e-07
112,125,68,0,15.8345,15.8345,0,4.58293e-08
88,126,68,0,1.10109,1.10109,0,2.15114e-08
90,126,68,0.170256,23.0217,23.192,5.38501e-09,1.55614e-08
91,126,68,0.402974,0,0.402974,1.70547e-08,0
107,126,68,0,40.8347,40.8347,0,2.54187e-08
108,126,68,0,30.5631,30.5631,0,3.94311e-08
109,126,68,0,27.6294,27.6294,0,3.05677e-08
110,126,68,0,0.780514,0.780514,0,1.7988e-08
111,126,68,0,2.00965,2.00965,0,5.21835e-08
89,127,68,0,0.608323,0.608323,0,1.19485e-08
109,127,68,0,40.5026,40.5026,0,4.23929e-08
88,128,68,0,0.201776,0.201776,0,3.94495e-09
89,128,68,0,0.361717,0.361717,0,7.07144e-09
91,128,68,0.116295,0,0.116295,5.88781e-09,0
107,128,68,0,4.74475,4.74475,0,2.36787e-08
108,128,68,0,5.22522,5.22522,0,5.512e-08
110,128,68,0,0.0713884,0.0713884,0,2.05098e-09
111,128,68,0,0.401356,0.401356,0,1.35661e-08
107,129,68,0.216041,4.02925,4.24529,2.21684e-08,8.86192e-08
108,129,68,0,3.72224,3.72224,0,5.89712e-08
109,129,68,0,0.431762,0.431762,0,1.0152e-08
110,129,68,0,1.25805,1.25805,0,2.48589e-08
111,129,68,0,1.33543,1.33543,0,2.59949e-08
87,130,68,0,3.74152,3.74152,0,4.74485e-08
88,130,68,0,0.666582,0.666582,0,2.39165e-09
89,130,68,0,6.25824,6.25824,0,8.73897e-09
91,130,68,0.147766,0,0.147766,6.00387e-09,0
108,130,68,0,3.01012,3.01012,0,6.38382e-08
109,130,68,0.507983,1.18047,1.68845,1.21894e-08,2.78419e-08
86,131,68,0,1.95872,1.95872,0,3.85432e-08
87,131,68,0,0.701825,0.701825,0,2.31115e-08
88,131,68,0,8.04715,8.04715,0,1.69674e-08
89,131,68,0,10.5623,10.5623,0,1.50288e-08
90,131,68,0,2.97818,2.97818,0,4.05295e-09
91,131,68,0.0330479,0,0.0330479,5.91196e-09,0
86,132,68,0,1.74952,1.74952,0,4.82311e-08
87,132,68,0,1.64007,1.64007,0,3.93246e-08
94,132,68,0,14.486,14.486,0,1.59471e-08
95,132,68,0,18.4073,18.4073,0,3.20248e-07
96,132,68,0,1.48605,1.48605,0,4.25179e-08
97,132,68,5.28781,8.94647,14.2343,2.9348e-07,5.86061e-09
98,132,68,0,300.457,300.457,0,2.01083e-07
99,132,68,0,311.234,311.234,0,2.69147e-07
100,132,68,0,12.4559,12.4559,0,1.06875e-08
101,132,68,0.239081,0,0.239081,9.65075e-09,0
102,132,68,0,48.3981,48.3981,0,3.02292e-08
103,132,68,2.08014,0,2.08014,3.48773e-08,0
105,132,68,0,0.350983,0.350983,0,8.31679e-09
85,133,68,0,0.0452942,0.0452942,0,1.05996e-09
86,133,68,0,11.0306,11.0306,0,2.76159e-07
87,133,68,0,3.05456,3.05456,0,6.66106e-08
88,133,68,0,2.18094,2.18094,0,4.59289e-08
92,133,68,0,0.178071,0.178071,0,4.46643e-09
93,133,68,0,1.29423,1.29423,0,3.24902e-08
94,133,68,0,7.03197,7.03197,0,1.3668e-08
95,133,68,0,2.05064,2.05064,0,2.45716e-08
96,133,68,0,2.32582,2.32582,0,4.86737e-08
98,133,68,0,0.119577,0.119577,0,2.97781e-09
100,133,68,0.161304,1.09624,1.25755,1.09619e-08,2.98242e-08
101,133,68,0,1.3696,1.3696,0,4.21556e-08
103,133,68,0,0.887108,0.887108,0,2.15241e-08
105,133,68,0,1.95219,1.95219,0,4.77127e-08
86,134,68,0,2.00855,2.00855,0,4.04523e-08
87,134,68,0,4.08794,4.08794,0,8.48815e-08
88,134,68,0,0.342304,0.342304,0,7.26207e-09
91,134,68,0,0.764387,0.764387,0,1.91224e-08
92,134,68,0,0.895145,0.895145,0,2.24301e-08
93,134,68,0,2.48594,2.48594,0,5.65825e-08
94,134,68,0,2.91724,2.91724,0,7.19843e-08
95,134,68,0,0.807939,0.807939,0,2.06161e-08
96,134,68,0,15.1561,15.1561,0,6.4342e-08
97,134,68,0,3.18387,3.18387,0,9.52426e-09
98,134,68,0,1.95893,1.95893,0,4.97183e-08
99,134,68,0,38.9746,38.9746,0,3.29941e-08
100,134,68,0,42.2723,42.2723,0,3.10945e-08
101,134,68,0,3.43663,3.43663,0,1.43538e-08
102,134,68,0.751813,0,0.751813,5.62417e-08,0
105,134,68,0.321769,29.7032,30.025,8.09768e-09,3.60725e-08
106,134,68,0,0.183008,0.183008,0,7.31898e-09
92,135,68,0,0.329107,0.329107,0,7.85331e-09
93,135,68,0,0.615274,0.615274,0,1.32141e-08
94,135,68,0,1.63206,1.63206,0,3.3159e-08
95,135,68,0,0.106721,0.106721,0,2.88875e-09
96,135,68,0,11.7814,11.7814,0,5.30628e-08
97,135,68,0,5.18359,5.18359,0,3.33496e-08
98,135,68,0,54.0373,54.0373,0,7.40822e-08
99,135,68,0,18.8466,18.8466,0,2.78812e-08
100,135,68,0,54.3792,54.3792,0,9.46704e-08
101,135,68,0,39.7825,39.7825,0,6.60531e-08
102,135,68,0,52.8357,52.8357,0,6.92532e-08
92,136,68,0,0.163575,0.163575,0,5.63412e-09
93,136,68,0,1.65112,1.65112,0,4.3458e-08
94,136,68,0,0.175507,0.175507,0,3.88684e-09
96,136,68,0,2.87988,2.87988,0,4.095e-08
97,136,68,0,1.60028,1.60028,0,5.51995e-09
101,136,68,0,0.146472,0.146472,0,4.71762e-09
102,136,68,0,0.621809,0.621809,0,1.44969e-08
93,137,68,0,1.662,1.662,0,3.99782e-08
101,137,68,0,0.723433,0.723433,0,2.32689e-08
89,138,68,0.0315743,0,0.0315743,8.91475e-09,0
93,138,68,0.347276,2.47679,2.82407,4.4692e-08,5.54191e-08
90,139,68,0.0737755,0,0.0737755,2.3111e-08,0
90,142,68,0.0588537,0,0.0588537,2.07327e-08,0
90,143,68,0.199036,0,0.199036,4.19168e-08,0
91,143,68,0.277494,0,0.277494,6.46965e-08,0
96,108,69,0.0581118,0,0.0581118,1.53015e-08,0
97,108,69,0.152139,0,0.152139,2.99856e-08,0
96,109,69,0.0858518,0,0.0858518,2.76373e-08,0
99,111,69,0,1.06232,1.06232,0,2.49616e-08
100,111,69,0,1.28521,1.28521,0,3.33366e-08
101,111,69,0,0.282057,0.282057,0,7.27203e-09
100,112,69,0,2.22862,2.22862,0,5.90999e-08
101,112,69,0,0.752839,0.752839,0,2.0519e-08
98,113,69,0,0.323655,0.323655,0,9.4459e-09
99,113,69,0,0.520676,0.520676,0,1.24339e-08
100,113,69,0,16.373,16.373,0,6.9756e-08
101,113,69,0,2.15594,2.15594,0,4.99313e-08
102,113,69,0,23.4653,23.4653,0,1.61974e-08
91,114,69,0,6.13674,6.13674,0,7.85652e-09
92,114,69,0,20.6802,20.6802,0,2.6094e-08
98,114,69,0,13.4554,13.4554,0,9.07711e-09
99,114,69,0,35.8894,35.8894,0,2.44836e-08
100,114,69,0,46.5026,46.5026,0,3.96904e-08
101,114,69,0,12.6848,12.6848,0,8.73839e-09
105,114,69,0,0.374489,0.374489,0,7.30478e-09
106,114,69,0,0.28105,0.28105,0,5.48412e-09
87,115,69,0,0.264721,0.264721,0,6.9587e-09
88,115,69,0,0.799037,0.799037,0,2.02223e-08
90,115,69,0,26.8052,26.8052,0,3.67964e-08
91,115,69,0,6.25108,6.25108,0,8.10394e-09
96,115,69,0,0.338389,0.338389,0,1.00536e-08
97,115,69,0,0.726705,0.726705,0,2.1786e-08
98,115,69,0,26.4102,26.4102,0,1.7864e-08
99,115,69,0,33.3411,33.3411,0,2.24949e-08
100,115,69,0,49.0609,49.0609,0,4.27424e-08
103,115,69,0,1.76668,1.76668,0,1.10317e-09
104,115,69,0,0.508463,0.508463,0,9.91536e-09
105,115,69,0,4.7553,4.7553,0,9.27765e-08
106,115,69,0,1.07475,1.07475,0,2.10042e-08
108,115,69,0,15.0504,15.0504,0,1.30238e-08
87,116,69,0,1.09489,1.09489,0,3.16223e-08
88,116,69,0,1.88391,1.88391,0,5.2148e-08
89,116,69,0,3.91685,3.91685,0,7.21886e-09
94,116,69,0.000664359,0,0.000664359,1.59417e-11,0
97,116,69,0,0.515122,0.515122,0,1.54758e-08
103,116,69,0.116889,148.976,149.093,1.09687e-08,2.13817e-07
104,116,69,0,60.2955,60.2955,0,4.03248e-08
105,116,69,0.0375211,1.71617,1.75369,5.26238e-09,3.36203e-08
107,116,69,0,1.75307,1.75307,0,1.4886e-09
108,116,69,0,9.04213,9.04213,0,7.70316e-09
89,117,69,0,26.3116,26.3116,0,4.67148e-08
90,117,69,0,12.9483,12.9483,0,2.24265e-08
106,117,69,0,2.07054,2.07054,0,4.37835e-08
107,117,69,0,5.25891,5.25891,0,3.43732e-08
109,117,69,0,1.60929,1.60929,0,4.12984e-08
110,117,69,0,0.543547,0.543547,0,1.31542e-08
88,118,69,0,11.9055,11.9055,0,5.06293e-08
89,118,69,0,4.54896,4.54896,0,2.26435e-08
90,118,69,0,16.3392,16.3392,0,3.69592e-08
91,118,69,0,21.0216,21.0216,0,2.60334e-07
107,118,69,0,112.046,112.046,0,6.33297e-07
108,118,69,0,23.2597,23.2597,0,2.47405e-08
109,118,69,0,10.324,10.324,0,3.65013e-08
110,118,69,0,9.51638,9.51638,0,1.18161e-08
111,118,69,0,1.1389,1.1389,0,2.28457e-08
112,118,69,0,0.278831,0.278831,0,5.47456e-09
88,119,69,0,16.8402,16.8402,0,3.03577e-08
89,119,69,0,8.33005,8.33005,0,6.48293e-08
90,119,69,0.0643533,11.5691,11.6334,4.29855e-09,2.85919e-08
107,119,69,0,9.19747,9.19747,0,8.27826e-09
108,119,69,0,45.7321,45.7321,0,4.45749e-08
109,119,69,0,25.802,25.802,0,4.03664e-08
110,119,69,0,14.0357,14.0357,0,1.75807e-08
111,119,69,0,4.11208,4.11208,0,1.05718e-07
112,119,69,0,0.701787,0.701787,0,1.81547e-08
88,120,69,0,26.062,26.062,0,4.79348e-08
89,120,69,0,2.58042,2.58042,0,2.47758e-08
90,120,69,0.015043,0,0.015043,3.92601e-10,0
105,120,69,0,36.1738,36.1738,0,2.25268e-08
109,120,69,0,14.8495,14.8495,0,1.61689e-08
110,120,69,0,8.56953,8.56953,0,1.10091e-08
111,120,69,0,3.13624,3.13624,0,6.79712e-08
112,120,69,0,2.2571,2.2571,0,6.87102e-08
87,121,69,0,0.178866,0.178866,0,4.92867e-09
88,121,69,0,4.78584,4.78584,0,3.9598e-08
105,121,69,0.0904694,0,0.0904694,6.13617e-09,0
109,121,69,0,23.24,23.24,0,2.5069e-08
110,121,69,0.110938,47.7257,47.8366,5.831e-09,6.62106e-08
111,121,69,0.107628,0,0.107628,1.73675e-08,0
112,121,69,0.11431,0.30946,0.42377,3.29501e-08,1.02218e-08
113,121,69,0.0789564,0,0.0789564,2.72533e-08,0
105,122,69,0.116267,24.336,24.4523,1.91658e-08,3.30853e-08
106,122,69,1.0132,61.5534,62.5666,1.06336e-07,5.30672e-08
107,122,69,5.66424e-05,257.923,257.923,1.35917e-12,2.08752e-07
108,122,69,0,15.5496,15.5496,0,2.03276e-08
109,122,69,0,6.6233,6.6233,0,6.30608e-09
110,122,69,0.000752544,68.0589,68.0597,1.80578e-11,5.74775e-08
111,122,69,0,23.7903,23.7903,0,8.74672e-08
112,122,69,0,2.8741,2.8741,0,2.73052e-08
87,123,69,0,2.04054,2.04054,0,3.97948e-08
89,123,69,0,0.644585,0.644585,0,1.43335e-08
90,123,69,0,1.71256,1.71256,0,3.98256e-08
105,123,69,1.46854,0,1.46854,1.95678e-08,0
106,123,69,1.09844,150.383,151.481,4.65728e-08,9.40774e-08
107,123,69,4.891,240.199,245.09,1.41615e-07,1.82929e-07
108,123,69,0,54.2081,54.2081,0,5.36248e-08
109,123,69,0.201277,74.6814,74.8827,4.82978e-09,5.19444e-08
110,123,69,4.01989e-06,0,4.01989e-06,9.64598e-14,0
111,123,69,0.0339662,3.37858,3.41255,1.0394e-08,8.3894e-09
112,123,69,0.419798,24.8718,25.2916,5.61439e-08,2.59302e-08
87,124,69,0,0.435298,0.435298,0,1.09283e-08
88,124,69,0,0.285714,0.285714,0,7.13546e-09
89,124,69,0,0.591685,0.591685,0,1.32069e-08
90,124,69,0,0.915948,0.915948,0,2.17512e-08
91,124,69,1.93026,0.369451,2.29971,1.94728e-07,1.06235e-08
105,124,69,0.0199201,0,0.0199201,4.75121e-09,0
106,124,69,0,41.7797,41.7797,0,3.46796e-08
107,124,69,6.17484,440.135,446.309,1.36897e-07,4.07092e-07
108,124,69,0.170372,128.72,128.89,9.68784e-09,9.20737e-08
109,124,69,0,22.3673,22.3673,0,1.66085e-08
112,124,69,0,3.19518,3.19518,0,3.06414e-08
88,125,69,0,0.459686,0.459686,0,9.15213e-09
89,125,69,0,1.3127,1.3127,0,2.68074e-08
90,125,69,0,48.3912,48.3912,0,3.85762e-08
91,125,69,0,1.74767,1.74767,0,1.25087e-09
105,125,69,1.60378,46.8451,48.4489,4.09031e-08,4.56758e-08
106,125,69,4.30087,15.4383,19.7392,9.43542e-08,1.17988e-08
107,125,69,1.74914,22.9891,24.7382,1.39437e-07,3.42918e-08
108,125,69,0,85.2592,85.2592,0,9.13946e-08
109,125,69,0,102.385,102.385,0,7.69662e-08
111,125,69,0,1.75724,1.75724,0,4.53307e-08
112,125,69,0,5.65247,5.65247,0,5.89797e-09
88,126,69,0,1.1858,1.1858,0,2.31096e-08
89,126,69,0,0.198349,0.198349,0,4.02871e-09
90,126,69,0,0.391311,0.391311,0,8.05397e-09
91,126,69,0,1.44277,1.44277,0,6.43557e-09
105,126,69,0.0979128,0,0.0979128,3.19866e-08,0
106,126,69,3.51651,16.1404,19.6569,3.08215e-07,6.86746e-08
107,126,69,0.0379648,137.053,137.091,1.93237e-09,3.13342e-07
108,126,69,0,55.3202,55.3202,0,5.4766e-08
109,126,69,0,27.1496,27.1496,0,3.65985e-08
91,127,69,0.0350414,3.93474,3.96978,5.40847e-09,1.77264e-08
105,127,69,0,4.59526,4.59526,0,8.97046e-08
106,127,69,4.35791,193.142,197.499,1.01004e-07,1.78546e-07
107,127,69,5.77318,43.0081,48.7813,1.11336e-07,4.86567e-08
108,127,69,0,19.5804,19.5804,0,2.18099e-08
109,127,69,0,31.8868,31.8868,0,3.29887e-08
111,127,69,0,0.695558,0.695558,0,2.25452e-08
112,127,69,0,0.550056,0.550056,0,1.58302e-08
89,128,69,0,0.96575,0.96575,0,1.89188e-08
91,128,69,0,16.4511,16.4511,0,7.41137e-08
106,128,69,0,58.7345,58.7345,0,4.05115e-08
107,128,69,0,1.73276,1.73276,0,1.07614e-08
108,128,69,0,5.87904,5.87904,0,4.41412e-08
109,128,69,0,9.33427,9.33427,0,7.32309e-08
110,128,69,0,1.48591,1.48591,0,3.45406e-08
111,128,69,0,0.465156,0.465156,0,1.57276e-08
89,129,69,0,1.55544,1.55544,0,3.08065e-08
90,129,69,0,21.2964,21.2964,0,1.48339e-08
91,129,69,0,319.968,319.968,0,2.27154e-07
105,129,69,1.7138,88.92,90.6338,4.38307e-08,1.23244e-07
107,129,69,0.898223,0.165595,1.06382,1.59608e-08,4.9664e-09
108,129,69,0.00919753,4.42563,4.43483,2.20701e-10,3.86232e-08
109,129,69,0,4.81577,4.81577,0,5.82656e-08
110,129,69,0,1.7376,1.7376,0,2.97136e-08
111,129,69,0,0.576967,0.576967,0,1.01243e-08
87,130,69,0,0.983371,0.983371,0,2.40142e-08
88,130,69,0,1.79859,1.79859,0,4.13144e-08
89,130,69,0,8.10527,8.10527,0,2.35019e-08
90,130,69,0,12.2393,12.2393,0,1.67958e-08
108,130,69,0.0433524,0.852345,0.895697,1.04027e-09,9.57367e-09
109,130,69,0,0.787476,0.787476,0,1.37194e-08
86,131,69,0,2.62002,2.62002,0,5.90049e-08
87,131,69,0,0.194124,0.194124,0,6.45701e-09
90,131,69,0,14.9145,14.9145,0,1.97483e-08
107,131,69,0,296.175,296.175,0,3.18355e-07
109,131,69,0,0.810582,0.810582,0,1.95966e-08
110,131,69,0,0.93688,0.93688,0,2.26775e-08
86,132,69,0,0.909614,0.909614,0,2.71024e-08
87,132,69,0,0.985771,0.985771,0,2.73625e-08
92,132,69,0,0.705548,0.705548,0,1.34903e-08
95,132,69,0,0.188955,0.188955,0,5.21219e-09
97,132,69,0,6.10081,6.10081,0,1.03306e-08
101,132,69,0.018042,9.90271,9.92076,7.96184e-10,2.67855e-07
102,132,69,0.0412854,0,0.0412854,4.03062e-09,0
104,132,69,0,2.52425,2.52425,0,8.20782e-08
105,132,69,0.139959,0.295874,0.435832,5.80809e-09,7.07641e-09
95,133,69,0,0.0590231,0.0590231,0,6.12735e-10
96,133,69,0,23.0413,23.0413,0,5.71544e-08
97,133,69,0,8.2518,8.2518,0,3.39199e-08
104,133,69,0,0.23871,0.23871,0,5.79228e-09
105,133,69,0,2.34664,2.34664,0,4.82557e-08
87,134,69,0,1.41272,1.41272,0,3.03877e-08
88,134,69,0,1.08297,1.08297,0,2.58437e-08
89,134,69,0,0.6412,0.6412,0,1.53228e-08
94,134,69,0,0.212597,0.212597,0,5.38301e-09
95,134,69,0,0.504203,0.504203,0,1.28574e-08
96,134,69,0,34.7484,34.7484,0,5.00516e-08
97,134,69,0,1.56741,1.56741,0,2.63005e-08
98,134,69,0,24.2692,24.2692,0,3.26152e-08
101,134,69,0,1.37366,1.37366,0,3.88562e-08
102,134,69,0,5.10807,5.10807,0,7.62736e-08
105,134,69,0.00441759,1.09179,1.09621,3.21573e-10,2.12362e-08
106,134,69,0,0.613038,0.613038,0,1.19982e-08
87,135,69,0,1.8362,1.8362,0,3.84431e-08
88,135,69,0,0.624215,0.624215,0,1.46144e-08
93,135,69,0,1.00137,1.00137,0,2.06187e-08
96,135,69,0,19.8068,19.8068,0,5.57558e-08
97,135,69,0,31.3616,31.3616,0,7.8601e-08
98,135,69,0,3.29396,3.29396,0,3.08659e-08
99,135,69,0,0.853747,0.853747,0,1.38113e-09
100,135,69,0,3.21458,3.21458,0,3.74775e-09
101,135,69,0,0.499513,0.499513,0,1.38218e-08
102,135,69,0,10.7345,10.7345,0,7.97268e-08
104,135,69,0,0.699358,0.699358,0,1.36064e-08
105,135,69,0,1.36744,1.36744,0,2.65751e-08
106,135,69,0,3.35813,3.35813,0,1.72907e-08
94,136,69,0,2.45674,2.45674,0,5.98279e-08
96,136,69,0,1.63713,1.63713,0,4.81262e-08
97,136,69,0,2.49726,2.49726,0,7.27541e-08
101,136,69,0,0.0680617,0.0680617,0,2.23953e-09
102,136,69,0,1.38555,1.38555,0,4.37148e-08
105,136,69,0,0.764861,0.764861,0,1.91613e-08
106,136,69,0,0.756864,0.756864,0,1.79482e-08
97,137,69,0,0.165112,0.165112,0,4.78182e-09
102,137,69,0,0.57682,0.57682,0,1.95454e-08
89,139,69,1.74774,0,1.74774,4.54072e-08,0
94,141,69,0.100433,0,0.100433,2.2195e-08,0
90,143,69,0.053796,0,0.053796,8.82113e-09,0
97,107,70,0.0489747,0,0.0489747,1.17518e-09,0
96,109,70,0.0929309,0,0.0929309,1.94269e-08,0
97,109,70,0.128439,0,0.128439,2.53967e-08,0
100,111,70,0,0.835321,0.835321,0,1.65344e-08
101,111,70,0,0.341903,0.341903,0,8.49367e-09
100,112,70,0,3.92292,3.92292,0,9.00231e-08
101,112,70,0,3.89131,3.89131,0,9.26762e-08
100,113,70,0,11.0442,11.0442,0,9.93699e-08
101,113,70,0,1.43875,1.43875,0,3.22028e-08
91,114,70,0,10.86,10.86,0,1.3882e-08
92,114,70,0,6.82799,6.82799,0,8.37515e-09
96,114,70,0,0.733645,0.733645,0,2.17415e-08
99,114,70,0,27.0287,27.0287,0,2.31572e-08
105,114,70,0,0.88894,0.88894,0,1.72945e-08
87,115,70,0,0.190929,0.190929,0,5.25287e-09
92,115,70,0,9.38682,9.38682,0,1.14955e-08
95,115,70,0,0.391966,0.391966,0,1.15834e-08
96,115,70,0,0.198373,0.198373,0,5.89944e-09
97,115,70,0,0.368318,0.368318,0,1.09665e-08
105,115,70,0,1.68131,1.68131,0,3.27409e-08
108,115,70,0,31.0867,31.0867,0,2.64129e-08
87,116,70,0,0.145605,0.145605,0,4.69027e-09
91,116,70,0,14.1722,14.1722,0,1.73001e-08
94,116,70,0,8.81053,8.81053,0,2.58105e-07
95,116,70,0,0.190391,0.190391,0,5.58783e-09
103,116,70,0,44.0197,44.0197,0,2.0011e-07
108,116,70,0.120549,39.531,39.6516,4.50614e-09,3.46113e-08
109,116,70,0,1.24875,1.24875,0,3.69102e-08
110,116,70,0,0.441469,0.441469,0,1.07738e-08
111,116,70,0,0.128733,0.128733,0,2.62837e-09
112,116,70,0,0.360199,0.360199,0,7.35652e-09
89,117,70,0,18.1519,18.1519,0,3.13398e-08
107,117,70,0,0.524541,0.524541,0,1.02694e-08
109,117,70,0,6.81631,6.81631,0,1.84274e-07
110,117,70,0,1.19133,1.19133,0,3.14041e-08
111,117,70,0,1.50219,1.50219,0,3.45334e-08
89,118,70,0,2.21771,2.21771,0,1.33206e-08
104,118,70,0,85.4311,85.4311,0,5.32013e-08
108,118,70,0,10.9049,10.9049,0,9.67002e-09
109,118,70,0,0.520383,0.520383,0,1.45915e-08
110,118,70,0,6.60448,6.60448,0,8.11146e-09
112,118,70,0,1.71175,1.71175,0,3.4275e-08
89,119,70,0,23.9587,23.9587,0,2.25588e-08
91,119,70,0,0.314724,0.314724,0,9.35182e-09
103,119,70,0,7.9076,7.9076,0,2.49873e-07
107,119,70,0,47.5336,47.5336,0,5.88343e-08
108,119,70,0,11.4871,11.4871,0,1.15065e-08
109,119,70,0,15.6358,15.6358,0,1.88388e-08
110,119,70,0,4.66181,4.66181,0,5.97386e-09
111,119,70,0,0.298585,0.298585,0,8.16846e-09
112,119,70,0,0.190305,0.190305,0,5.10021e-09
91,120,70,0,10.2712,10.2712,0,6.41539e-09
104,120,70,1.52587,0,1.52587,1.03493e-07,0
110,120,70,0,2.22671,2.22671,0,4.35676e-08
111,120,70,0,0.906232,0.906232,0,1.96503e-08
112,120,70,0.480804,0.11682,0.597624,5.80353e-08,3.51957e-09
113,120,70,0.181447,0.510861,0.692308,3.6782e-08,1.27391e-08
88,121,70,0,6.91727,6.91727,0,3.26038e-08
90,121,70,0,9.05438,9.05438,0,1.43897e-08
110,121,70,0,1.19506,1.19506,0,2.34902e-08
111,121,70,0.0574348,1.30857,1.366,1.0736e-08,3.13094e-08
112,121,70,0.02371,0.267261,0.290971,5.13329e-09,6.92022e-09
88,122,70,0,8.92025,8.92025,0,1.47836e-08
89,122,70,0,9.85178,9.85178,0,1.64817e-08
91,122,70,0,6.49816,6.49816,0,1.12769e-08
104,122,70,1.03969,10.8198,11.8595,1.71386e-07,1.47097e-08
111,122,70,0,5.27488,5.27488,0,2.01987e-08
88,123,70,0,0.883199,0.883199,0,2.03707e-08
89,123,70,0,0.371148,0.371148,0,8.31847e-09
90,123,70,0,10.9937,10.9937,0,1.89887e-08
91,123,70,5.71041,40.8868,46.5972,3.16354e-07,3.85597e-08
104,123,70,11.1299,0,11.1299,1.48302e-07,0
112,123,70,0.294642,0,0.294642,4.87143e-08,0
87,124,70,0,1.56116,1.56116,0,3.40914e-08
88,124,70,0,3.11038,3.11038,0,8.04344e-08
90,124,70,0,16.6207,16.6207,0,2.0815e-08
91,124,70,0,347.454,347.454,0,2.66481e-07
104,124,70,0.738781,0,0.738781,1.76209e-07,0
107,124,70,0,84.4615,84.4615,0,7.29509e-08
108,124,70,0,53.1785,53.1785,0,4.96809e-08
110,124,70,0,26.0746,26.0746,0,2.34017e-08
112,124,70,0,1.77521,1.77521,0,5.17954e-08
113,124,70,0.44852,1.81969,2.26821,1.57482e-08,4.149e-08
87,125,70,0,1.9429,1.9429,0,5.04935e-08
88,125,70,0,1.29211,1.29211,0,3.43563e-08
89,125,70,0,31.7425,31.7425,0,2.20308e-08
90,125,70,0,13.5948,13.5948,0,2.78011e-08
91,125,70,0,15.7611,15.7611,0,1.11977e-08
104,125,70,1.04383,512.717,513.761,1.73688e-07,5.27438e-07
107,125,70,0.0334339,5.84953,5.88296,4.64059e-09,1.32429e-08
108,125,70,0,48.4898,48.4898,0,3.32653e-08
113,125,70,0,0.109194,0.109194,0,2.84181e-09
88,126,70,0,0.914614,0.914614,0,2.68148e-08
89,126,70,0,1.08559,1.08559,0,2.56633e-08
90,126,70,0,1.95168,1.95168,0,4.03104e-08
91,126,70,0,1.04481,1.04481,0,2.16706e-08
107,126,70,0.0890448,5.52654,5.61558,6.44159e-09,2.33102e-08
108,126,70,0,8.36664,8.36664,0,4.06756e-08
109,126,70,0,20.6758,20.6758,0,1.55361e-08
110,126,70,0,15.576,15.576,0,1.17274e-08
112,126,70,0,0.596589,0.596589,0,1.30567e-08
116,126,70,0.0458229,0,0.0458229,8.7969e-09,0
88,127,70,0,0.735435,0.735435,0,1.86108e-08
108,127,70,0,5.06156,5.06156,0,5.71908e-09
111,127,70,0,1.26528,1.26528,0,3.41788e-08
112,127,70,0,1.24195,1.24195,0,2.96861e-08
87,128,70,0,0.586751,0.586751,0,1.54016e-08
88,128,70,0,1.18705,1.18705,0,3.65733e-08
104,128,70,0,186.392,186.392,0,2.10872e-07
109,128,70,0,0.265157,0.265157,0,1.85764e-09
110,128,70,0,1.89708,1.89708,0,2.55432e-08
87,129,70,0,3.32979,3.32979,0,8.71628e-08
88,129,70,0,0.768089,0.768089,0,1.99916e-08
90,129,70,0.0151943,17.7231,17.7383,3.64633e-10,1.23449e-08
91,129,70,0.377128,22.6181,22.9952,9.53969e-09,1.60556e-08
104,129,70,1.41153,0,1.41153,5.201e-08,0
110,129,70,0,5.88584,5.88584,0,3.84955e-08
88,130,70,0,0.615683,0.615683,0,1.63055e-08
89,130,70,0,0.32646,0.32646,0,6.55207e-09
90,130,70,0,17.8435,17.8435,0,2.29245e-08
91,130,70,0,10.5945,10.5945,0,1.31233e-08
104,130,70,2.11628,0,2.11628,4.5337e-08,0
107,130,70,0,0.91964,0.91964,0,1.12966e-08
108,130,70,0,1.04301,1.04301,0,1.28101e-08
109,130,70,0,3.22175,3.22175,0,3.84759e-08
91,131,70,0,1.72245,1.72245,0,3.08637e-08
104,131,70,0,88.0947,88.0947,0,2.75636e-07
110,131,70,0,0.999999,0.999999,0,2.48489e-08
86,132,70,0,0.144411,0.144411,0,4.59956e-09
88,132,70,0,0.513056,0.513056,0,1.30353e-08
92,132,70,0,1.8048,1.8048,0,1.74929e-08
95,132,70,0.00820462,0,0.00820462,1.09039e-09,0
101,132,70,0.049539,0,0.049539,9.07947e-09,0
105,132,70,0.0186773,0,0.0186773,4.69258e-10,0
106,132,70,0,11.7295,11.7295,0,4.73011e-08
107,132,70,0,2.06548,2.06548,0,5.22261e-08
109,132,70,0,1.14112,1.14112,0,2.85504e-08
88,133,70,0,1.05671,1.05671,0,2.54888e-08
91,133,70,0,1.3353,1.3353,0,2.71915e-08
92,133,70,0,0.690775,0.690775,0,1.32884e-08
106,133,70,0,1.27249,1.27249,0,2.47859e-08
89,134,70,0,0.49625,0.49625,0,1.18625e-08
91,134,70,0,3.8116,3.8116,0,1.93062e-08
92,134,70,0,5.14747,5.14747,0,4.70916e-08
97,134,70,0,10.244,10.244,0,9.21495e-09
98,134,70,0,14.4769,14.4769,0,2.77658e-08
99,134,70,0,42.3324,42.3324,0,4.53334e-08
101,134,70,0,0.468753,0.468753,0,1.28442e-08
102,134,70,0,0.230878,0.230878,0,6.34887e-09
105,134,70,0,0.314344,0.314344,0,6.16342e-09
106,134,70,0,0.909668,0.909668,0,1.7787e-08
92,135,70,0,5.74989,5.74989,0,8.97659e-08
93,135,70,0,0.770698,0.770698,0,2.45394e-08
97,135,70,0,1.04529,1.04529,0,3.10789e-08
98,135,70,0,27.2109,27.2109,0,7.12351e-08
99,135,70,0,18.6185,18.6185,0,3.84194e-08
105,135,70,0,1.47397,1.47397,0,2.94753e-08
106,135,70,0,5.15714,5.15714,0,1.22987e-07
91,136,70,0,0.642891,0.642891,0,1.85547e-08
92,136,70,0,2.85711,2.85711,0,8.16646e-08
93,136,70,0,0.222601,0.222601,0,7.50972e-09
97,136,70,0,3.77492,3.77492,0,4.95204e-08
106,136,70,0,3.82742,3.82742,0,8.77416e-08
107,136,70,0,0.268095,0.268095,0,9.15673e-09
97,137,70,0,0.663311,0.663311,0,1.68362e-08
106,137,70,0,0.0625003,0.0625003,0,1.79354e-09
93,140,70,0.224432,0,0.224432,4.37533e-08,0
94,140,70,0.119785,0,0.119785,3.17587e-08,0
93,141,70,0.0185905,0,0.0185905,4.89411e-09,0
94,141,70,0.0521482,0,0.0521482,1.19385e-08,0
95,141,70,0.120912,0,0.120912,4.09186e-08,0
91,143,70,0.438181,0,0.438181,1.30948e-08,0
100,111,71,0,0.504537,0.504537,0,9.91165e-09
101,111,71,0,0.341205,0.341205,0,6.93965e-09
100,112,71,0,0.834335,0.834335,0,1.63438e-08
101,112,71,0,0.612322,0.612322,0,1.24691e-08
105,112,71,0,10.5597,10.5597,0,1.64749e-08
89,113,71,0,2.72854,2.72854,0,4.72233e-09
105,113,71,0,29.344,29.344,0,2.39636e-08
106,113,71,0,30.5279,30.5279,0,2.13596e-08
89,114,71,0,18.8786,18.8786,0,3.26206e-08
90,114,71,0,7.06888,7.06888,0,1.14956e-08
104,114,71,0,0.451277,0.451277,0,8.77516e-09
105,114,71,0,10.7587,10.7587,0,4.23281e-08
108,114,71,0,23.7985,23.7985,0,1.97979e-08
89,115,71,0,0.613258,0.613258,0,1.88212e-08
90,115,71,0,0.247667,0.247667,0,7.57878e-09
100,115,71,0,72.6491,72.6491,0,4.93858e-08
103,115,71,0,43.7525,43.7525,0,4.43789e-08
105,115,71,0,13.6496,13.6496,0,2.58218e-08
106,115,71,0,3.12096,3.12096,0,5.73741e-09
108,115,71,0,24.781,24.781,0,2.02137e-08
90,116,71,0,0.576569,0.576569,0,1.76752e-08
91,116,71,0,11.4309,11.4309,0,1.38347e-08
101,116,71,0.138823,0,0.138823,8.30017e-09,0
103,116,71,0,9.27554,9.27554,0,1.93099e-07
104,116,71,0,286.427,286.427,0,3.63828e-07
105,116,71,0,9.94078,9.94078,0,2.00692e-08
106,116,71,0,6.89185,6.89185,0,1.25382e-08
107,116,71,0,37.4238,37.4238,0,3.033e-08
109,116,71,0,0.239243,0.239243,0,6.56653e-09
88,117,71,0,4.29959,4.29959,0,7.34671e-09
107,117,71,0,16.9323,16.9323,0,3.07147e-08
108,117,71,0,0.223997,0.223997,0,8.95825e-09
111,117,71,0,1.40867,1.40867,0,3.20143e-08
112,117,71,0,2.02124,2.02124,0,4.62283e-08
88,118,71,0,9.42635,9.42635,0,1.60065e-08
107,118,71,0,3.8898,3.8898,0,6.98085e-09
109,118,71,0,0.725931,0.725931,0,2.00469e-08
112,118,71,0,0.754981,0.754981,0,1.81465e-08
88,119,71,0,6.53481,6.53481,0,9.40095e-09
104,119,71,0,172.109,172.109,0,2.21255e-07
107,119,71,0,97.0931,97.0931,0,6.11795e-08
108,119,71,0,13.1175,13.1175,0,8.26498e-09
91,120,71,0.139499,0,0.139499,1.08643e-08,0
112,120,71,0.163854,0.539856,0.703709,3.90991e-08,1.3526e-08
113,120,71,0.103309,0.668952,0.772261,1.45218e-08,1.71219e-08
114,120,71,0.103384,0,0.103384,2.01213e-08,0
89,121,71,0,13.575,13.575,0,2.1333e-08
104,121,71,0,37.5217,37.5217,0,6.40419e-08
110,121,71,0,1.23794,1.23794,0,2.42661e-08
111,121,71,0.158723,0.719627,0.87835,3.80866e-09,1.84736e-08
112,121,71,0,0.402512,0.402512,0,9.91899e-09
115,121,71,0.0777417,0,0.0777417,2.13429e-08,0
89,122,71,0,7.54684,7.54684,0,1.20734e-08
90,122,71,0,2.43502,2.43502,0,8.10887e-09
91,122,71,0,121.682,121.682,0,2.63786e-07
112,122,71,0,1.82503,1.82503,0,4.66597e-08
113,122,71,0.580077,0.666877,1.24695,5.19854e-08,1.71952e-08
90,123,71,0,3.15611,3.15611,0,2.1514e-08
91,123,71,0.00879738,148.727,148.735,2.11099e-10,3.66574e-07
107,123,71,0,9.4592,9.4592,0,9.51488e-09
108,123,71,0,5.60432,5.60432,0,5.53306e-09
110,123,71,0,55.6233,55.6233,0,5.11491e-08
111,123,71,0,1.74448,1.74448,0,3.71882e-08
112,123,71,0,0.759295,0.759295,0,1.97904e-08
90,124,71,0,1.09856,1.09856,0,2.58309e-08
91,124,71,0.0517973,0,0.0517973,1.47772e-09,0
104,124,71,0,230.063,230.063,0,1.90966e-07
108,124,71,0,22.5982,22.5982,0,2.29183e-08
110,124,71,0,19.2819,19.2819,0,1.81125e-08
111,124,71,0,0.578349,0.578349,0,1.59832e-08
112,124,71,0,1.35509,1.35509,0,3.40103e-08
113,124,71,0.237345,0,0.237345,2.91219e-08,0
87,125,71,0,0.224545,0.224545,0,6.3478e-09
88,125,71,0.000969214,0,0.000969214,2.32569e-11,0
89,125,71,0.465644,42.0334,42.4991,1.77248e-08,6.38102e-08
90,125,71,0,9.59261,9.59261,0,2.76743e-08
91,125,71,0,0.38284,0.38284,0,8.1463e-09
107,125,71,0,34.9703,34.9703,0,2.60604e-08
108,125,71,0,39.3273,39.3273,0,2.45874e-08
109,125,71,0,41.3575,41.3575,0,5.28668e-08
110,125,71,0,15.4027,15.4027,0,1.38605e-08
111,125,71,0,0.112091,0.112091,0,2.99502e-09
112,125,71,0,0.236956,0.236956,0,5.81372e-09
115,125,71,0.0476762,0,0.0476762,8.10924e-09,0
116,125,71,0.09745,0,0.09745,1.15239e-08,0
88,126,71,0,1.0378,1.0378,0,3.11244e-08
89,126,71,0,1.04052,1.04052,0,3.8097e-08
90,126,71,0,68.5725,68.5725,0,4.42712e-08
91,126,71,0,0.497723,0.497723,0,1.0388e-08
104,126,71,6.55163,0,6.55163,2.76205e-07,0
108,126,71,0,23.8913,23.8913,0,2.59201e-08
109,126,71,0,7.80055,7.80055,0,4.76404e-08
110,126,71,0,47.5485,47.5485,0,4.3438e-08
111,126,71,0,2.38227,2.38227,0,5.6457e-08
112,126,71,0,3.07967,3.07967,0,7.42963e-08
116,126,71,0.117621,0,0.117621,2.30451e-08,0
87,127,71,0,0.770733,0.770733,0,2.12394e-08
88,127,71,0,0.485778,0.485778,0,1.22272e-08
91,127,71,0,0.907256,0.907256,0,6.11339e-09
109,127,71,0,2.0031,2.0031,0,1.27311e-08
110,127,71,0,24.0593,24.0593,0,1.09804e-07
111,127,71,0,0.602478,0.602478,0,1.85222e-08
112,127,71,0,3.11753,3.11753,0,7.55359e-08
87,128,71,0,2.60025,2.60025,0,7.83672e-08
88,128,71,0,3.33648,3.33648,0,1.01572e-07
89,128,71,0,0.0935416,0.0935416,0,3.00457e-09
104,128,71,0,5.41474,5.41474,0,6.97749e-08
110,128,71,0,9.72945,9.72945,0,4.5562e-08
111,128,71,0,1.51419,1.51419,0,3.50433e-08
113,128,71,0,0.282691,0.282691,0,6.63391e-09
87,129,71,0,1.50395,1.50395,0,3.98155e-08
88,129,71,0,0.255286,0.255286,0,6.54501e-09
90,129,71,0,39.7058,39.7058,0,2.66531e-08
91,129,71,0,398.016,398.016,0,2.59291e-07
107,129,71,0,14.5048,14.5048,0,1.02879e-08
109,129,71,0,0.979574,0.979574,0,1.07489e-08
110,129,71,0,5.08896,5.08896,0,1.33921e-08
111,129,71,0,0.0959781,0.0959781,0,2.18729e-09
91,130,71,0,16.8889,16.8889,0,1.09744e-08
104,130,71,0,132.696,132.696,0,9.15254e-08
107,130,71,0,0.180566,0.180566,0,4.84834e-09
108,130,71,0,11.4706,11.4706,0,2.54331e-08
107,131,71,0,4.31781,4.31781,0,6.66716e-08
108,131,71,0,1.30138,1.30138,0,3.93292e-08
109,131,71,0,0.529032,0.529032,0,1.59569e-08
110,131,71,0,0.263636,0.263636,0,6.57278e-09
88,132,71,0,0.447216,0.447216,0,1.14107e-08
89,132,71,0,0.17533,0.17533,0,4.54376e-09
92,132,71,0,2.60841,2.60841,0,1.18375e-08
94,132,71,0,142.958,142.958,0,2.44001e-07
101,132,71,0.0565521,0.0028696,0.0594217,1.357e-09,5.99336e-11
102,132,71,0.0184762,11.8146,11.8331,4.68879e-09,3.1496e-07
103,132,71,0.0206902,0,0.0206902,1.76719e-09,0
109,132,71,0,0.239778,0.239778,0,6.00173e-09
110,132,71,0,0.282706,0.282706,0,7.05984e-09
88,133,71,0,0.978512,0.978512,0,2.54587e-08
90,133,71,0,0.639427,0.639427,0,1.37077e-08
91,133,71,0,0.685657,0.685657,0,1.43206e-08
92,133,71,0,4.59856,4.59856,0,2.24422e-08
93,133,71,0,3.25414,3.25414,0,1.5447e-08
94,133,71,0,2.81669,2.81669,0,4.80752e-09
106,133,71,0,0.683661,0.683661,0,1.33319e-08
88,134,71,0,2.12703,2.12703,0,3.28448e-08
90,134,71,0,0.430728,0.430728,0,9.25837e-09
97,134,71,0,35.9417,35.9417,0,3.2884e-08
99,134,71,0,10.2815,10.2815,0,1.07864e-08
87,135,71,0,0.286334,0.286334,0,8.76861e-09
88,135,71,0,0.950303,0.950303,0,2.32166e-08
92,135,71,0,3.9532,3.9532,0,3.17139e-08
98,135,71,0,10.524,10.524,0,1.0032e-08
105,135,71,0,0.203276,0.203276,0,6.19201e-09
106,135,71,0,0.700522,0.700522,0,2.19402e-08
87,136,71,0,0.350059,0.350059,0,1.11077e-08
88,136,71,0,0.0271831,0.0271831,0,8.24185e-10
98,136,71,0,2.22286,2.22286,0,1.71506e-08
105,136,71,0,0.0276278,0.0276278,0,8.24035e-10
106,136,71,0,0.765144,0.765144,0,2.23595e-08
97,137,71,0,1.33407,1.33407,0,2.13573e-08
98,137,71,0,0.832394,0.832394,0,9.12857e-09
110,137,71,0,0.556547,0.556547,0,1.40304e-08
93,139,71,0.0316432,0,0.0316432,4.87528e-09,0
92,140,71,0.0218262,0,0.0218262,5.23734e-10,0
93,140,71,0.0665646,0,0.0665646,1.11938e-08,0
95,141,71,0.0706133,0,0.0706133,2.52652e-08,0
96,141,71,0.0194151,0,0.0194151,6.77176e-09,0
105,112,72,0,5.40823,5.40823,0,6.28546e-08
87,113,72,0,0.366084,0.366084,0,6.97685e-09
88,113,72,0,0.723986,0.723986,0,8.81242e-09
89,113,72,0,7.23831,7.23831,0,1.3055e-08
106,113,72,0,0.166869,0.166869,0,3.25949e-09
87,114,72,0,0.221944,0.221944,0,7.19164e-09
88,114,72,0,18.853,18.853,0,1.29345e-07
89,114,72,0,12.8364,12.8364,0,5.10495e-08
100,114,72,0,58.7816,58.7816,0,3.95924e-08
104,114,72,0,46.1035,46.1035,0,2.91974e-08
105,114,72,0,37.6785,37.6785,0,6.73786e-08
106,114,72,0,4.07328,4.07328,0,7.95494e-08
108,114,72,0,49.6315,49.6315,0,4.14223e-08
87,115,72,0,0.297621,0.297621,0,9.74872e-09
88,115,72,0,1.21713,1.21713,0,3.77764e-08
89,115,72,0,3.05205,3.05205,0,9.17947e-08
90,115,72,0,3.90599,3.90599,0,1.16902e-07
102,115,72,0,37.8303,37.8303,0,2.3605e-08
103,115,72,0,15.9725,15.9725,0,3.15475e-08
104,115,72,0,6.06561,6.06561,0,2.01244e-08
108,115,72,0,8.5963,8.5963,0,7.04798e-09
89,116,72,0,0.0741684,0.0741684,0,2.20053e-09
90,116,72,0,0.538105,0.538105,0,1.60724e-08
96,116,72,0.0376293,0,0.0376293,3.59143e-09,0
99,116,72,0.961314,60.5405,61.5018,3.28019e-07,2.687e-07
100,116,72,0,19.3441,19.3441,0,1.2107e-08
101,116,72,0,17.1169,17.1169,0,2.29132e-08
103,116,72,0,58.0762,58.0762,0,3.64856e-08
104,116,72,0,225.693,225.693,0,4.15775e-07
88,117,72,0,7.5281,7.5281,0,1.33428e-08
89,117,72,0,1.32213,1.32213,0,3.8799e-08
108,117,72,0,0.554856,0.554856,0,1.47727e-08
109,117,72,0.323538,1.23658,1.56012,1.45486e-08,3.56324e-08
88,118,72,0,5.34776,5.34776,0,9.062e-09
90,118,72,0,1.61687,1.61687,0,4.69822e-08
91,118,72,0,0.302748,0.302748,0,8.64077e-09
107,118,72,0.0375012,0,0.0375012,2.00131e-09,0
109,118,72,0,0.659407,0.659407,0,2.18699e-08
110,118,72,0,0.350212,0.350212,0,1.1307e-08
91,119,72,0,0.265514,0.265514,0,7.66295e-09
107,119,72,0,11.3741,11.3741,0,7.14904e-09
108,119,72,0,26.3978,26.3978,0,1.66239e-08
110,119,72,0,0.250731,0.250731,0,7.64709e-09
91,120,72,0,279.418,279.418,0,2.71682e-07
104,120,72,0,116.285,116.285,0,1.00253e-07
107,120,72,0,8.79197,8.79197,0,5.52563e-09
110,120,72,0.00300402,0,0.00300402,1.15029e-10,0
112,120,72,0.034586,0,0.034586,1.08459e-08,0
113,120,72,0.432714,0,0.432714,2.10991e-08,0
89,121,72,0,2.4164,2.4164,0,3.71661e-09
90,121,72,0,3.52543,3.52543,0,4.12162e-09
91,121,72,0,4.22501,4.22501,0,4.88515e-09
104,121,72,0,78.7761,78.7761,0,4.95096e-08
111,121,72,0.0783648,0,0.0783648,2.80757e-08,0
112,121,72,0.00923653,0,0.00923653,3.24035e-09,0
89,122,72,0,11.3534,11.3534,0,1.74691e-08
90,122,72,0,7.37975,7.37975,0,1.23988e-08
91,122,72,0,195.218,195.218,0,2.33082e-07
104,122,72,2.61823,180.043,182.661,1.1101e-07,1.12416e-07
112,122,72,0.123318,1.22503,1.34835,3.42069e-08,2.55841e-08
113,122,72,0.0862775,0,0.0862775,1.61092e-08,0
91,123,72,0.0671053,0.465626,0.532731,6.7144e-09,1.57268e-09
104,123,72,0,186.851,186.851,0,1.17168e-07
112,123,72,0,0.0825747,0.0825747,0,1.78808e-09
114,123,72,0.18739,0,0.18739,6.28447e-08,0
115,123,72,0.174116,0,0.174116,2.25209e-08,0
90,124,72,0,4.87988,4.87988,0,1.62786e-08
91,124,72,0.400235,0.0280119,0.428247,1.18532e-08,9.43026e-10
104,124,72,0,71.9586,71.9586,0,4.51364e-08
107,124,72,0,5.01627,5.01627,0,3.141e-09
109,124,72,0,21.963,21.963,0,2.24838e-08
110,124,72,0,8.31683,8.31683,0,8.83956e-09
111,124,72,0,11.1798,11.1798,0,4.66094e-08
112,124,72,0.187295,1.63682,1.82411,5.16705e-09,3.92678e-08
113,124,72,0,0.152217,0.152217,0,3.73159e-09
90,125,72,0.807728,10.3461,11.1539,2.15405e-08,4.07278e-08
91,125,72,0.535938,0.612424,1.14836,1.48757e-08,1.62774e-08
107,125,72,0,28.8264,28.8264,0,1.98885e-08
111,125,72,0,5.38909,5.38909,0,5.44309e-08
112,125,72,0,1.00952,1.00952,0,2.77492e-08
89,126,72,0,0.411877,0.411877,0,1.1872e-08
90,126,72,0,36.8913,36.8913,0,6.53842e-08
91,126,72,0.000326919,1.54525,1.54558,7.84463e-12,1.61913e-08
107,126,72,0,17.304,17.304,0,1.22905e-08
108,126,72,0,34.508,34.508,0,5.20773e-08
109,126,72,0,4.48932,4.48932,0,2.86872e-08
110,126,72,0,9.05631,9.05631,0,3.2509e-08
111,126,72,0,2.69471,2.69471,0,6.14301e-08
112,126,72,0,1.90943,1.90943,0,5.02513e-08
113,126,72,0,0.0352336,0.0352336,0,7.9236e-10
116,126,72,0.0111947,0,0.0111947,4.0717e-09,0
91,127,72,0,22.1527,22.1527,0,1.43766e-07
104,127,72,0,2.93359,2.93359,0,6.34292e-08
108,127,72,0.206155,1.5069,1.71305,4.94682e-09,1.05481e-09
109,127,72,0,0.706865,0.706865,0,5.43228e-09
110,127,72,0,5.80031,5.80031,0,9.94229e-08
111,127,72,0,5.06985,5.06985,0,1.21299e-07
112,127,72,0,3.48493,3.48493,0,8.50001e-08
113,127,72,0,2.44894,2.44894,0,5.55157e-08
104,128,72,0,27.519,27.519,0,1.28804e-07
110,128,72,0,5.91078,5.91078,0,7.992e-08
111,128,72,0,1.46007,1.46007,0,2.85123e-08
112,128,72,0,0.361212,0.361212,0,1.11072e-08
107,129,72,0,68.3946,68.3946,0,4.85127e-08
109,129,72,0,0.0736596,0.0736596,0,2.94585e-09
108,130,72,0.0610588,1.07605,1.13711,1.46515e-09,3.59151e-08
109,130,72,0.0417376,14.2094,14.2511,1.94474e-09,2.61125e-08
110,130,72,0,2.18144,2.18144,0,5.56668e-08
111,130,72,0,1.25592,1.25592,0,3.31552e-08
116,130,72,0.142556,0,0.142556,3.45567e-08,0
91,131,72,0.452446,0,0.452446,7.05795e-09,0
107,131,72,0,3.80013,3.80013,0,6.92726e-09
108,131,72,0,0.318629,0.318629,0,9.68513e-09
109,131,72,0,0.554976,0.554976,0,1.61052e-08
110,131,72,0,0.0786124,0.0786124,0,1.59643e-09
90,132,72,0,12.2478,12.2478,0,1.62652e-08
91,132,72,0,4.35146,4.35146,0,5.69874e-09
100,132,72,5.84549,0,5.84549,2.19528e-07,0
101,132,72,0,0.133733,0.133733,0,5.34834e-09
102,132,72,0,0.187106,0.187106,0,5.09573e-09
103,132,72,0.404073,0.770115,1.17419,1.02056e-08,2.0782e-08
104,132,72,0,11.017,11.017,0,8.01033e-09
86,133,72,0,0.289727,0.289727,0,7.78989e-09
87,133,72,0,1.28067,1.28067,0,4.23093e-08
88,133,72,0,0.362882,0.362882,0,1.12462e-08
89,133,72,0,6.12844,6.12844,0,8.50933e-09
90,133,72,0,38.5743,38.5743,0,8.67117e-08
100,133,72,0.0554361,0,0.0554361,1.55381e-09,0
105,133,72,0,11.0157,11.0157,0,8.00937e-09
106,133,72,0,1.38116,1.38116,0,2.69247e-08
107,133,72,0,1.09634,1.09634,0,2.13869e-08
86,134,72,0,0.842005,0.842005,0,2.7841e-08
87,134,72,0,1.63669,1.63669,0,4.72977e-08
88,134,72,0,2.335,2.335,0,6.56668e-08
89,134,72,0,13.0599,13.0599,0,4.63734e-08
90,134,72,0,21.198,21.198,0,4.88117e-08
106,134,72,0,0.4353,0.4353,0,8.49372e-09
85,135,72,0,1.09494,1.09494,0,2.76822e-08
86,135,72,0,0.881446,0.881446,0,2.16475e-08
88,135,72,0,5.57897,5.57897,0,3.21068e-08
89,135,72,0,1.61348,1.61348,0,4.74042e-09
90,135,72,0,8.86538,8.86538,0,1.81695e-08
106,135,72,0,0.305797,0.305797,0,9.49363e-09
107,135,72,0,0.971496,0.971496,0,1.89679e-08
108,135,72,0,0.583694,0.583694,0,1.14836e-08
86,136,72,0,1.0284,1.0284,0,2.94038e-08
87,136,72,0,3.21076,3.21076,0,8.70079e-08
88,136,72,0,2.86678,2.86678,0,7.79317e-08
89,136,72,0,1.8091,1.8091,0,4.3965e-08
90,136,72,0,5.0448,5.0448,0,3.72109e-08
108,136,72,0,0.764402,0.764402,0,1.71884e-08
110,136,72,0,0.44686,0.44686,0,1.25333e-08
86,137,72,0,0.866691,0.866691,0,2.10612e-08
87,137,72,0,0.17443,0.17443,0,4.55295e-09
88,137,72,0,1.03226,1.03226,0,2.52577e-08
109,137,72,0,0.15416,0.15416,0,5.82658e-09
110,137,72,0,0.728328,0.728328,0,1.85542e-08
110,138,72,0.225199,0.0825129,0.307712,2.24628e-08,2.6803e-09
110,139,72,0.122154,0,0.122154,2.5125e-08,0
105,112,73,0,0.359795,0.359795,0,7.39595e-09
108,112,73,0,2.69791,2.69791,0,6.60061e-08
109,112,73,0,1.04437,1.04437,0,2.3229e-08
88,113,73,0,0.632422,0.632422,0,1.20548e-08
108,113,73,0,2.67799,2.67799,0,5.24366e-08
109,113,73,0,0.427958,0.427958,0,8.48395e-09
100,114,73,0,30.2986,30.2986,0,2.03004e-08
105,114,73,0,27.6095,27.6095,0,1.74867e-08
106,114,73,0,1.00361,1.00361,0,1.95747e-08
89,115,73,0,0.462216,0.462216,0,1.37323e-08
90,115,73,0,0.122347,0.122347,0,3.67073e-09
99,115,73,0,7.49255,7.49255,0,4.68925e-09
100,115,73,0,34.3799,34.3799,0,2.19125e-08
104,115,73,0,0.464761,0.464761,0,7.15567e-10
108,115,73,0,77.0279,77.0279,0,6.52649e-08
89,116,73,0,4.41304,4.41304,0,1.39522e-08
90,116,73,0,19.3206,19.3206,0,7.19432e-08
94,116,73,0.138804,0,0.138804,9.26199e-09,0
95,116,73,0,86.9171,86.9171,0,2.58325e-07
96,116,73,0.0290086,0,0.0290086,3.27926e-09,0
101,116,73,0.219923,0,0.219923,5.86217e-08,0
102,116,73,0,39.6629,39.6629,0,5.31006e-08
104,116,73,0,5.78492,5.78492,0,8.9057e-09
111,116,73,0,0.182176,0.182176,0,4.34589e-09
88,117,73,0,8.87769,8.87769,0,1.60984e-08
89,117,73,0,11.4942,11.4942,0,2.17447e-08
90,117,73,0,3.31319,3.31319,0,6.30735e-09
104,117,73,0.166972,0,0.166972,4.5798e-08,0
110,117,73,0,0.190207,0.190207,0,5.89079e-09
112,117,73,0,0.564095,0.564095,0,1.56353e-08
90,118,73,0,0.238999,0.238999,0,7.00058e-09
91,118,73,0,10.7394,10.7394,0,3.04359e-07
110,118,73,0,4.09943,4.09943,0,1.0243e-07
111,118,73,0,0.891633,0.891633,0,1.80913e-08
91,119,73,0,80.4186,80.4186,0,6.09038e-08
107,120,73,0.0275091,0,0.0275091,7.86748e-10,0
90,121,73,0,10.54,10.54,0,1.57817e-08
91,121,73,0,9.24696,9.24696,0,1.34222e-08
89,122,73,0,6.47476,6.47476,0,9.84544e-09
104,122,73,0,70.8082,70.8082,0,1.06269e-07
111,122,73,0,0.296765,0.296765,0,7.72972e-09
89,123,73,0,2.99774,2.99774,0,3.52e-09
109,123,73,0,0.368314,0.368314,0,9.82613e-09
110,123,73,0,0.339732,0.339732,0,9.31092e-09
112,123,73,0,0.151962,0.151962,0,3.30871e-09
90,124,73,0,13.615,13.615,0,1.61845e-08
91,124,73,0,124.343,124.343,0,1.52851e-07
104,124,73,0,22.7425,22.7425,0,1.14995e-07
109,124,73,0,0.105442,0.105442,0,3.02476e-09
110,124,73,0,0.174037,0.174037,0,4.66884e-09
111,124,73,0,4.54692,4.54692,0,1.7093e-08
112,124,73,0.860863,0.739149,1.60001,6.15309e-08,1.82182e-08
113,124,73,0,0.0464953,0.0464953,0,1.42371e-09
90,125,73,0,15.1562,15.1562,0,9.60702e-09
91,125,73,0,25.4988,25.4988,0,1.62034e-08
104,125,73,0,16.896,16.896,0,2.33965e-07
109,125,73,0,1.36867,1.36867,0,2.82283e-08
110,125,73,0,32.4654,32.4654,0,5.47423e-08
111,125,73,0,9.37528,9.37528,0,1.41591e-07
112,125,73,0,2.68064,2.68064,0,6.14446e-08
113,125,73,0,2.61241,2.61241,0,6.63569e-08
114,125,73,0,1.83629,1.83629,0,4.45848e-08
107,126,73,0.38016,0.440655,0.820815,1.85522e-08,9.33167e-09
108,126,73,0.00704649,2.37533,2.38237,5.81949e-10,4.90775e-08
109,126,73,0,1.94604,1.94604,0,4.0433e-08
110,126,73,0,24.0977,24.0977,0,1.96309e-08
111,126,73,0,3.9252,3.9252,0,9.07776e-08
112,126,73,0,2.53988,2.53988,0,6.75546e-08
113,126,73,0,1.19615,1.19615,0,3.01708e-08
114,126,73,0,0.33922,0.33922,0,7.71385e-09
116,126,73,0.0707415,0,0.0707415,2.3502e-08,0
104,127,73,3.63646,9.91572,13.5522,1.00801e-07,3.18075e-07
109,127,73,0,33.8635,33.8635,0,2.93653e-08
110,127,73,0,18.7142,18.7142,0,4.81276e-08
111,127,73,0,1.18517,1.18517,0,3.01915e-08
112,127,73,0,3.09443,3.09443,0,7.6285e-08
113,127,73,0,0.620771,0.620771,0,1.39248e-08
115,127,73,0.112727,0,0.112727,2.95314e-08,0
104,128,73,0.655259,0,0.655259,1.09029e-07,0
110,128,73,0,0.829858,0.829858,0,2.28756e-08
111,128,73,0.049714,1.06641,1.11612,3.23408e-09,2.77435e-08
112,128,73,0,3.57941,3.57941,0,8.46256e-08
91,129,73,0,18.4264,18.4264,0,1.15273e-08
104,129,73,0.200291,0,0.200291,6.65766e-08,0
111,129,73,0.039237,0,0.039237,4.29518e-09,0
104,130,73,0,115.07,115.07,0,1.73766e-07
110,130,73,0,0.823432,0.823432,0,1.63614e-08
111,130,73,0,2.51637,2.51637,0,5.1999e-08
112,130,73,0.0253213,0.543474,0.568795,8.93291e-09,1.74369e-08
115,130,73,0.0532254,0,0.0532254,1.76989e-08,0
90,131,73,0.0330169,0,0.0330169,7.9304e-10,0
104,131,73,0,2.49198,2.49198,0,6.48738e-08
108,131,73,0,1.29545,1.29545,0,3.41036e-08
109,131,73,0,2.49983,2.49983,0,6.1812e-08
110,131,73,0,1.19969,1.19969,0,3.52876e-08
111,131,73,0,1.73054,1.73054,0,3.56852e-08
112,131,73,0.143878,0.974453,1.11833,5.11279e-08,2.67669e-08
91,132,73,0,17.7601,17.7601,0,2.24701e-08
93,132,73,0.469332,65.5724,66.0418,2.49712e-08,2.19381e-07
94,132,73,0,10.9102,10.9102,0,1.82224e-08
100,132,73,0.316953,0,0.316953,1.38724e-08,0
101,132,73,0.0905159,0,0.0905159,6.19023e-09,0
104,132,73,0,341.338,341.338,0,2.48183e-07
105,132,73,0,30.8285,30.8285,0,5.61973e-08
106,132,73,0,48.1994,48.1994,0,3.41902e-08
109,132,73,0,0.78284,0.78284,0,4.80849e-09
112,132,73,0,1.07777,1.07777,0,2.73926e-08
113,132,73,0,0.831291,0.831291,0,2.08018e-08
87,133,73,0,2.32646,2.32646,0,6.02901e-08
88,133,73,0,0.762077,0.762077,0,1.94292e-08
92,133,73,0,4.0312,4.0312,0,1.59363e-08
93,133,73,0,0.229165,0.229165,0,7.72634e-09
105,133,73,0,19.3336,19.3336,0,1.40391e-08
106,133,73,0,0.586144,0.586144,0,1.14311e-08
86,134,73,0,3.46016,3.46016,0,9.44316e-08
87,134,73,0,4.61619,4.61619,0,1.1481e-07
88,134,73,0,1.03216,1.03216,0,2.89479e-08
85,135,73,0,0.176734,0.176734,0,3.55586e-09
86,135,73,0,1.50813,1.50813,0,3.61718e-08
87,135,73,0,1.37699,1.37699,0,3.52718e-08
88,135,73,0,4.75196,4.75196,0,1.17895e-07
89,135,73,0,7.60578,7.60578,0,4.18746e-08
107,135,73,0,0.77587,0.77587,0,1.5161e-08
108,135,73,0,0.427875,0.427875,0,8.5136e-09
86,136,73,0,1.52924,1.52924,0,3.21297e-08
87,136,73,0,0.451864,0.451864,0,9.10225e-09
88,136,73,0,2.02247,2.02247,0,4.50776e-08
89,136,73,0,1.21692,1.21692,0,3.30771e-08
108,136,73,0,2.10255,2.10255,0,5.27811e-08
86,137,73,0,0.720035,0.720035,0,1.7644e-08
87,137,73,0,0.0829809,0.0829809,0,2.13613e-09
88,137,73,0,0.646988,0.646988,0,1.57115e-08
108,137,73,0,0.506725,0.506725,0,1.44857e-08
109,137,73,0,1.06308,1.06308,0,2.86397e-08
110,137,73,0,0.318124,0.318124,0,1.02305e-08
113,138,73,0.775762,0,0.775762,3.11621e-08,0
112,139,73,0.106859,0,0.106859,2.76031e-08,0
113,139,73,0.0320922,0,0.0320922,1.18174e-08,0
111,140,73,0.0545162,0,0.0545162,1.23983e-08,0
105,112,74,0,1.06168,1.06168,0,3.57798e-08
106,112,74,0,0.550002,0.550002,0,1.77927e-08
107,112,74,0,0.840987,0.840987,0,2.5933e-08
108,112,74,0,0.81932,0.81932,0,2.05519e-08
105,113,74,0,0.0635353,0.0635353,0,2.13591e-09
108,113,74,0,0.575388,0.575388,0,1.23144e-08
99,114,74,0,61.3279,61.3279,0,3.83335e-08
101,114,74,0,41.0504,41.0504,0,2.5644e-08
89,115,74,0,5.68106,5.68106,0,1.39103e-08
99,115,74,0,21.3092,21.3092,0,1.33306e-08
100,115,74,0,21.6964,21.6964,0,1.44359e-08
103,115,74,0,7.42792,7.42792,0,1.14063e-08
104,115,74,0,7.81117,7.81117,0,1.20221e-08
89,116,74,0,15.1641,15.1641,0,3.58006e-08
90,116,74,0,21.9886,21.9886,0,4.82902e-08
100,116,74,0,12.9704,12.9704,0,8.61845e-09
111,116,74,0,0.877201,0.877201,0,2.38841e-08
112,116,74,0,0.207048,0.207048,0,6.80726e-09
89,117,74,0,0.594669,0.594669,0,1.24181e-09
90,117,74,0,9.55433,9.55433,0,1.98453e-08
91,117,74,0,61.9027,61.9027,0,1.52351e-07
111,117,74,0,2.67405,2.67405,0,5.83242e-08
112,117,74,0,0.679734,0.679734,0,1.86688e-08
104,118,74,0.395784,0,0.395784,4.1538e-08,0
111,118,74,0,2.57639,2.57639,0,5.13304e-08
104,119,74,0,414.384,414.384,0,6.28336e-07
91,120,74,0,357.445,357.445,0,2.24209e-07
111,121,74,0,1.14546,1.14546,0,2.43045e-08
90,122,74,0,19.4752,19.4752,0,1.42818e-08
91,122,74,0,65.9222,65.9222,0,4.98101e-08
110,122,74,0,0.594783,0.594783,0,1.59822e-08
111,122,74,0,1.75667,1.75667,0,4.198e-08
81,123,74,0.124707,0,0.124707,1.75903e-08,0
82,123,74,0.0966645,0,0.0966645,1.14366e-08,0
89,123,74,0,2.19183,2.19183,0,2.55173e-09
90,123,74,0,28.5512,28.5512,0,2.77422e-08
91,123,74,0,8.71954,8.71954,0,6.53505e-09
109,123,74,0,0.57066,0.57066,0,1.62534e-08
110,123,74,0,1.5723,1.5723,0,4.23262e-08
111,123,74,0,2.62368,2.62368,0,6.30214e-08
112,123,74,0,0.336676,0.336676,0,6.56143e-09
80,124,74,0.162518,0,0.162518,4.72531e-08,0
91,124,74,0,20.7776,20.7776,0,2.24083e-08
109,124,74,0,0.334205,0.334205,0,9.57489e-09
110,124,74,0,3.55466,3.55466,0,1.00746e-07
111,124,74,0,3.96763,3.96763,0,9.7916e-08
112,124,74,0,1.05844,1.05844,0,2.95299e-08
91,125,74,0,84.5214,84.5214,0,2.47265e-07
104,125,74,0,10.0571,10.0571,0,2.1443e-07
107,125,74,0,3.8986,3.8986,0,5.39854e-08
108,125,74,0,1.94323,1.94323,0,2.62738e-08
109,125,74,0,0.430702,0.430702,0,1.2399e-08
110,125,74,0,2.11118,2.11118,0,5.57776e-08
111,125,74,0.0610887,9.40325,9.46434,2.15871e-08,1.23337e-07
112,125,74,0,5.63986,5.63986,0,8.94485e-08
113,125,74,0,3.87137,3.87137,0,8.14195e-08
107,126,74,0.649408,1.1224,1.77181,9.96473e-08,1.45041e-08
108,126,74,0.150643,0.180407,0.33105,1.23332e-08,3.7684e-09
109,126,74,0,24.4951,24.4951,0,2.47934e-08
110,126,74,0,19.4696,19.4696,0,2.52707e-08
111,126,74,0.135265,24.0779,24.2132,3.90714e-08,1.99929e-07
112,126,74,0,0.948601,0.948601,0,2.09745e-08
104,127,74,0,57.2473,57.2473,0,7.93455e-08
108,127,74,0,27.4126,27.4126,0,2.30287e-08
109,127,74,0,0.851829,0.851829,0,1.8009e-08
110,127,74,0,2.15983,2.15983,0,4.864e-08
111,127,74,0,1.28568,1.28568,0,4.30778e-08
112,127,74,0,3.10294,3.10294,0,7.55707e-08
116,127,74,0.0956341,0,0.0956341,3.15752e-08,0
110,128,74,0,0.281087,0.281087,0,6.10503e-09
111,128,74,0.192689,0.835594,1.02828,2.44846e-08,2.26792e-08
112,128,74,0,1.83755,1.83755,0,4.3547e-08
113,128,74,0,1.05558,1.05558,0,2.65893e-08
87,129,74,0.00906968,0,0.00906968,3.07732e-09,0
90,129,74,0,3.45763,3.45763,0,2.17307e-09
91,129,74,0,388.675,388.675,0,2.44277e-07
110,129,74,0,0.183194,0.183194,0,4.33664e-09
111,129,74,0.268052,0.641093,0.909145,6.43208e-09,1.66083e-08
113,129,74,0.624805,0.579935,1.20474,1.75192e-08,1.57479e-08
116,129,74,0.4691,0,0.4691,1.12564e-08,0
87,130,74,0.0584597,0,0.0584597,1.998e-08,0
110,130,74,0,0.552966,0.552966,0,1.81373e-08
111,130,74,0,1.69386,1.69386,0,4.43315e-08
86,131,74,0.0601651,0,0.0601651,9.82894e-09,0
91,131,74,0,3.5703,3.5703,0,3.64323e-09
104,131,74,0.784373,0,0.784373,1.81796e-08,0
110,131,74,0,1.75411,1.75411,0,3.98664e-08
111,131,74,0,3.33875,3.33875,0,8.49373e-08
112,131,74,0.0419937,0,0.0419937,1.39609e-08,0
93,132,74,0.0210415,2.32244,2.34348,4.53945e-09,1.50447e-08
94,132,74,0,0.183116,0.183116,0,6.16559e-09
101,132,74,0.0937726,0,0.0937726,2.81485e-09,0
104,132,74,0,4.68181,4.68181,0,8.49433e-09
105,132,74,0,0.165622,0.165622,0,3.01592e-10
106,132,74,0.268654,0,0.268654,6.90376e-09,0
109,132,74,0,9.1,9.1,0,6.75877e-08
112,132,74,0.366825,0.333813,0.700638,1.71969e-08,7.85986e-09
113,132,74,0,0.617751,0.617751,0,1.51783e-08
87,133,74,0,0.176293,0.176293,0,4.71673e-09
88,133,74,0,0.849576,0.849576,0,2.19373e-08
93,133,74,0,4.76788,4.76788,0,1.84435e-08
105,133,74,0,19.0057,19.0057,0,1.37563e-08
107,133,74,0,2.43201,2.43201,0,1.32553e-08
108,133,74,0,6.65295,6.65295,0,3.90468e-08
112,133,74,0,0.221386,0.221386,0,5.31029e-09
113,133,74,0,0.0959351,0.0959351,0,2.04902e-09
86,134,74,0,0.284186,0.284186,0,7.06694e-09
87,134,74,0,1.48846,1.48846,0,3.6877e-08
88,134,74,0,2.96506,2.96506,0,8.47154e-08
106,134,74,0,21.9832,21.9832,0,2.58307e-08
108,134,74,0,2.85396,2.85396,0,1.58233e-08
86,135,74,0,0.451818,0.451818,0,1.15444e-08
88,135,74,0,0.314759,0.314759,0,7.28188e-09
89,135,74,0,0.532797,0.532797,0,1.58712e-08
106,135,74,0,38.0599,38.0599,0,2.73458e-08
86,136,74,0,0.180633,0.180633,0,5.58731e-09
89,136,74,0,0.236862,0.236862,0,6.45966e-09
113,138,74,0.118538,0,0.118538,3.50629e-08,0
88,140,74,0.170812,0,0.170812,5.60317e-08,0
88,142,74,0.095477,0,0.095477,2.90667e-08,0
101,150,74,0.096089,0,0.096089,2.76803e-09,0
102,150,74,0.07599,0,0.07599,4.27452e-09,0
105,112,75,0,0.276729,0.276729,0,9.26822e-09
102,114,75,0,31.7439,31.7439,0,1.98298e-08
100,115,75,0,27.781,27.781,0,1.81314e-08
103,115,75,0,2.91453,2.91453,0,4.46469e-09
104,115,75,0,10.2968,10.2968,0,1.56675e-08
105,115,75,0,4.54224,4.54224,0,6.89628e-09
88,116,75,0,9.26224,9.26224,0,2.26696e-08
94,116,75,0,3.14051,3.14051,0,1.17743e-08
95,116,75,0.0572264,2.67472,2.73195,2.40012e-09,9.84137e-09
96,116,75,0.133461,139.118,139.252,6.98934e-09,2.70281e-07
99,116,75,0,20.6421,20.6421,0,1.34466e-08
101,116,75,0.709255,0,0.709255,2.53658e-07,0
111,116,75,0,0.236526,0.236526,0,7.80557e-09
104,117,75,0,48.1483,48.1483,0,6.4461e-08
110,117,75,0,1.10759,1.10759,0,3.70576e-08
111,117,75,0,0.0497436,0.0497436,0,1.67801e-09
90,119,75,0,16.734,16.734,0,2.51655e-08
86,121,75,0,0.648993,0.648993,0,1.49538e-08
83,122,75,0.242601,0,0.242601,2.87028e-08,0
111,122,75,0,1.25518,1.25518,0,3.55791e-08
112,122,75,0,0.45688,0.45688,0,1.59716e-08
90,123,75,0,26.3628,26.3628,0,2.31232e-08
111,123,75,0,1.97156,1.97156,0,5.1541e-08
90,124,75,0,74.5082,74.5082,0,7.17758e-08
91,124,75,0,8.41681,8.41681,0,6.06929e-09
111,124,75,0.232598,2.49522,2.72782,3.31845e-08,5.5656e-08
86,125,75,0,1.4357,1.4357,0,2.79577e-08
87,125,75,0,2.74436,2.74436,0,6.53259e-08
88,125,75,0,0.724956,0.724956,0,2.3339e-08
90,125,75,0,23.6387,23.6387,0,1.47764e-08
91,125,75,0,8.86041,8.86041,0,6.38116e-09
107,125,75,0,2.43795,2.43795,0,5.19908e-08
111,125,75,0,0.117507,0.117507,0,2.42957e-09
87,126,75,0,0.159373,0.159373,0,3.74353e-09
91,126,75,0.00577285,270.553,270.559,1.81386e-09,1.69119e-07
107,126,75,0,0.577538,0.577538,0,1.19051e-08
108,126,75,0,13.7089,13.7089,0,1.40905e-08
109,126,75,0,24.7491,24.7491,0,2.05562e-08
110,126,75,0.0026461,0,0.0026461,1.05387e-10,0
111,126,75,0,0.290409,0.290409,0,9.68469e-09
112,126,75,0,2.81397,2.81397,0,7.88648e-08
89,127,75,0,13.0057,13.0057,0,8.08936e-09
91,127,75,1.13477,0,1.13477,9.09735e-08,0
107,127,75,0,2.99551,2.99551,0,6.01125e-08
110,127,75,0,0.241544,0.241544,0,6.79665e-09
111,127,75,0.0888834,0.355268,0.444152,1.5735e-08,1.05271e-08
112,127,75,0.135153,0.577405,0.712557,3.56019e-08,1.79769e-08
89,128,75,0,29.3932,29.3932,0,1.82819e-08
104,128,75,2.87364,0,2.87364,6.30432e-08,0
112,128,75,0.0584741,0.311354,0.369828,4.25859e-09,6.91829e-09
87,129,75,0.0205793,0,0.0205793,6.50389e-09,0
91,129,75,0,23.0827,23.0827,0,1.43717e-08
86,130,75,0.233684,0,0.233684,5.6074e-09,0
87,130,75,0.0289786,0,0.0289786,8.53604e-09,0
104,130,75,0.326274,0,0.326274,5.09689e-08,0
110,130,75,0,2.16913,2.16913,0,6.40494e-08
111,130,75,0,1.18267,1.18267,0,3.03276e-08
113,130,75,0.223809,0,0.223809,2.2262e-08,0
86,131,75,0.0901935,0,0.0901935,1.49327e-08,0
91,131,75,0,25.3615,25.3615,0,2.78948e-08
104,131,75,0,3.92166,3.92166,0,1.70609e-08
109,131,75,0,0.277118,0.277118,0,2.63789e-09
110,131,75,0,1.41623,1.41623,0,2.01207e-08
111,131,75,0,0.968832,0.968832,0,2.6555e-08
113,131,75,0.151445,0,0.151445,3.78989e-08,0
91,132,75,0,48.6337,48.6337,0,1.32695e-07
92,132,75,0,1.74869,1.74869,0,4.85162e-09
104,132,75,0.37159,0,0.37159,1.00848e-08,0
105,132,75,0,1.79844,1.79844,0,7.84776e-09
106,132,75,0.113128,0,0.113128,3.29345e-09,0
109,132,75,0,11.0796,11.0796,0,8.62237e-08
113,132,75,0.692251,0,0.692251,3.24529e-08,0
86,133,75,0.496131,0,0.496131,4.61031e-08,0
91,133,75,0,3.59079,3.59079,0,9.73749e-09
92,133,75,0,1.78333,1.78333,0,4.94772e-09
101,133,75,0.221142,1.00897,1.23011,5.74326e-09,6.23306e-09
104,133,75,0.0121537,0,0.0121537,4.98506e-10,0
105,133,75,0,1.69448,1.69448,0,7.59314e-09
106,133,75,8.43481e-05,1.29997,1.30005,2.02399e-12,6.56533e-09
85,134,75,0,0.434606,0.434606,0,1.00134e-08
86,134,75,0,0.880995,0.880995,0,2.24465e-08
106,134,75,0,4.61581,4.61581,0,2.34649e-08
85,135,75,0.99102,3.16056,4.15158,2.73401e-08,7.97817e-08
86,135,75,0,2.5099,2.5099,0,5.77729e-08
86,136,75,0,0.0522745,0.0522745,0,2.01094e-09
94,137,75,0,0.414345,0.414345,0,5.52518e-09
95,137,75,0,1.28489,1.28489,0,2.95394e-08
95,138,75,0,0.621064,0.621064,0,1.3546e-08
96,138,75,6.98414,0.711367,7.69551,2.01192e-07,1.62807e-08
90,139,75,0.484028,0,0.484028,2.78501e-08,0
102,113,76,0,20.8142,20.8142,0,1.29835e-08
103,114,76,0,4.12219,4.12219,0,5.6075e-09
104,114,76,0,13.1719,13.1719,0,1.95004e-08
105,114,76,0,7.92978,7.92978,0,1.11826e-08
83,115,76,0.0861824,0,0.0861824,1.92126e-08,0
89,115,76,0,2.41732,2.41732,0,5.8738e-09
94,115,76,0,1.77528,1.77528,0,6.73245e-09
104,115,76,0,5.38383,5.38383,0,8.13954e-09
106,115,76,0,28.7192,28.7192,0,1.83791e-08
94,116,76,0,67.7192,67.7192,0,2.56959e-07
98,116,76,0,127.426,127.426,0,1.5954e-07
102,116,76,0,440.574,440.574,0,3.98142e-07
104,116,76,0.0187974,0,0.0187974,4.24306e-09,0
106,116,76,0,19.7153,19.7153,0,1.26098e-08
110,117,76,0,0.988765,0.988765,0,2.75111e-08
111,117,76,0,0.217972,0.217972,0,7.35198e-09
88,118,76,0,8.59636,8.59636,0,1.40597e-08
110,118,76,0,0.0220224,0.0220224,0,7.37814e-10
111,118,76,0,0.248128,0.248128,0,4.99963e-09
91,119,76,0,170.171,170.171,0,2.31348e-07
107,119,76,0,25.471,25.471,0,5.72794e-08
90,120,76,0,21.5379,21.5379,0,3.22132e-08
85,121,76,0.278494,0.263977,0.542471,7.683e-09,7.0141e-09
86,121,76,0.528789,3.54057,4.06936,4.76881e-08,8.0349e-08
86,122,76,0,0.413384,0.413384,0,8.76303e-09
107,122,76,0.0129459,0,0.0129459,2.61856e-09,0
111,122,76,0,0.48582,0.48582,0,1.66454e-08
85,124,76,0,0.11651,0.11651,0,3.23943e-09
86,124,76,0,2.79636,2.79636,0,6.76087e-08
87,124,76,0,2.05321,2.05321,0,5.19923e-08
88,124,76,0,0.507905,0.507905,0,1.80343e-08
104,124,76,0,70.7948,70.7948,0,4.40522e-08
77,125,76,0.0450067,0,0.0450067,1.24351e-08,0
78,125,76,0.255897,0,0.255897,5.34066e-08,0
79,125,76,0.0970746,0,0.0970746,3.42021e-08,0
85,125,76,0,0.385856,0.385856,0,8.50947e-09
86,125,76,0,0.412852,0.412852,0,1.06572e-08
87,125,76,0,12.9185,12.9185,0,6.87305e-08
88,125,76,0,0.356919,0.356919,0,8.89594e-09
89,125,76,0,30.189,30.189,0,1.88764e-08
90,125,76,0,38.7627,38.7627,0,2.42515e-08
91,125,76,0.0567168,15.2631,15.3198,2.55308e-09,9.55267e-09
87,126,76,0,20.8062,20.8062,0,2.3602e-08
88,126,76,0,62.828,62.828,0,1.01e-07
104,126,76,0,2.75203,2.75203,0,5.53561e-08
88,127,76,0,10.8929,10.8929,0,6.77514e-09
89,127,76,0,18.4106,18.4106,0,1.14554e-08
90,129,76,0,1.00334,1.00334,0,6.24441e-10
91,129,76,0,55.0415,55.0415,0,3.42525e-08
104,129,76,0.550113,0,0.550113,1.55048e-07,0
90,130,76,0,3.16965,3.16965,0,7.16625e-09
110,130,76,0,0.519718,0.519718,0,1.61517e-08
111,130,76,0,1.74533,1.74533,0,4.75793e-08
90,131,76,0,2.32277,2.32277,0,5.25155e-09
91,131,76,0.0700566,8.92869,8.99874,5.64758e-09,2.03122e-08
90,132,76,0,1.41358,1.41358,0,3.64458e-09
91,132,76,0,48.1483,48.1483,0,7.74028e-08
95,132,76,0.0655786,0,0.0655786,2.03176e-09,0
98,132,76,0,0.120973,0.120973,0,4.78829e-09
99,132,76,0.462106,0,0.462106,1.74693e-08,0
101,132,76,0,111.101,111.101,0,8.24192e-08
102,132,76,0.0373388,30.1373,30.1747,1.7168e-09,2.19577e-08
103,132,76,0.00619865,0,0.00619865,1.43342e-09,0
99,133,76,0.107617,0,0.107617,5.15044e-09,0
101,133,76,0.0706815,3.0328,3.10348,7.35925e-09,3.84778e-09
102,133,76,0.00195675,0,0.00195675,4.69535e-11,0
103,133,76,0,3.71259,3.71259,0,2.95312e-09
105,133,76,0,6.32425,6.32425,0,2.8882e-08
107,133,76,0,2.13306,2.13306,0,1.00742e-08
103,134,76,0,8.96891,8.96891,0,7.21064e-09
106,134,76,0,1.32815,1.32815,0,6.29817e-09
107,134,76,0,4.08408,4.08408,0,1.97569e-08
97,135,76,0,27.7098,27.7098,0,4.96709e-08
95,136,76,0,3.41838,3.41838,0,1.86445e-08
96,136,76,0,4.57967,4.57967,0,1.54287e-08
95,137,76,0,1.68218,1.68218,0,1.42175e-08
88,141,76,0.108645,0,0.108645,2.16238e-08,0
88,142,76,0.086161,0,0.086161,2.86158e-08,0
101,113,77,0,9.6823,9.6823,0,6.11002e-09
102,113,77,0.0169451,23.4273,23.4443,9.85095e-10,2.34733e-08
103,114,77,0,22.5441,22.5441,0,3.09415e-08
82,115,77,0.195958,0,0.195958,5.19843e-09,0
83,115,77,0.368754,0,0.368754,8.93404e-08,0
87,116,77,0,18.465,18.465,0,2.88094e-08
104,116,77,0.112842,0,0.112842,3.65593e-09,0
104,117,77,0,42.2659,42.2659,0,3.21616e-08
107,117,77,0,3.53403,3.53403,0,1.35542e-08
107,118,77,0,3.52075,3.52075,0,1.57491e-08
108,118,77,0,1.55519,1.55519,0,6.44539e-09
110,118,77,0,1.62329,1.62329,0,2.83081e-08
89,119,77,0,51.6968,51.6968,0,8.47949e-08
107,119,77,0,1.68922,1.68922,0,3.69075e-09
108,119,77,0,13.0392,13.0392,0,6.88352e-08
109,119,77,0,14.7708,14.7708,0,6.52814e-08
110,119,77,0,1.58498,1.58498,0,2.37563e-08
87,120,77,0,1.03035,1.03035,0,4.74645e-09
88,120,77,0,11.7802,11.7802,0,2.07521e-08
89,120,77,0,22.8397,22.8397,0,4.38393e-08
107,120,77,0,10.4762,10.4762,0,1.95748e-08
108,120,77,0,14.5875,14.5875,0,4.31518e-08
109,120,77,0,11.0791,11.0791,0,7.64654e-08
85,121,77,0,0.99364,0.99364,0,2.33818e-08
86,121,77,0,0.760617,0.760617,0,1.65965e-08
87,121,77,0,0.299485,0.299485,0,8.49912e-10
88,121,77,0,20.9595,20.9595,0,2.37311e-08
89,121,77,0,14.5558,14.5558,0,2.98616e-08
91,121,77,0,41.9407,41.9407,0,3.99688e-08
85,122,77,0.298777,0.641518,0.940295,2.36879e-08,1.44896e-08
86,122,77,0,0.221917,0.221917,0,5.62518e-09
107,122,77,0.0829257,0,0.0829257,4.0812e-09,0
109,122,77,1.53915,1.80981,3.34897,3.41888e-08,2.4458e-08
84,123,77,0.272562,0,0.272562,2.9722e-08,0
85,124,77,0,0.181525,0.181525,0,5.72147e-09
86,124,77,0,0.22226,0.22226,0,6.80309e-09
87,124,77,0,0.238326,0.238326,0,6.44869e-09
88,124,77,0,0.829707,0.829707,0,2.83167e-08
85,125,77,0,0.512384,0.512384,0,1.23001e-08
86,125,77,0,0.308509,0.308509,0,7.0556e-09
88,125,77,0,2.0846,2.0846,0,6.06852e-08
89,125,77,0,1.76872,1.76872,0,4.66488e-08
90,125,77,0.00934418,0.39837,0.407715,2.24219e-10,1.03463e-08
91,125,77,0.32203,0,0.32203,5.32967e-08,0
104,125,77,0,7.38902,7.38902,0,3.44308e-08
107,125,77,0,53.8794,53.8794,0,4.47217e-08
88,126,77,0,0.341322,0.341322,0,8.15919e-09
89,126,77,0,0.597952,0.597952,0,1.45979e-08
91,126,77,0.0643516,0,0.0643516,3.65602e-09,0
104,126,77,0,31.6572,31.6572,0,2.07378e-08
79,127,77,0.0881482,0,0.0881482,1.66082e-08,0
82,127,77,1.97746,0,1.97746,4.74504e-08,0
107,127,77,0,2.54915,2.54915,0,8.17711e-08
104,129,77,0,83.2641,83.2641,0,5.81607e-08
91,131,77,0,12.588,12.588,0,2.9943e-08
94,132,77,0.00592253,0,0.00592253,1.87757e-10,0
98,132,77,0.516549,0,0.516549,6.31864e-09,0
99,132,77,0.0289594,0,0.0289594,7.31118e-10,0
103,132,77,0.176228,0,0.176228,4.96173e-08,0
90,133,77,0,6.0007,6.0007,0,6.76245e-09
91,133,77,0,12.0069,12.0069,0,1.38267e-08
96,133,77,0,5.54166,5.54166,0,5.49841e-09
103,133,77,0,13.7042,13.7042,0,1.09797e-08
112,133,77,0.565345,0,0.565345,4.98208e-08,0
91,134,77,0,32.6659,32.6659,0,3.86048e-08
102,134,77,0,7.07818,7.07818,0,5.70127e-09
103,134,77,0,12.399,12.399,0,1.00209e-08
91,135,77,0,15.3076,15.3076,0,3.25007e-08
92,135,77,0,1.21919,1.21919,0,8.3328e-09
91,136,77,0,1.86468,1.86468,0,3.94801e-08
92,136,77,0,1.48433,1.48433,0,2.87171e-08
104,136,77,0,0.239941,0.239941,0,4.92705e-09
92,137,77,0,2.05977,2.05977,0,5.05159e-08
93,137,77,0,0.367354,0.367354,0,1.07146e-08
92,138,77,0,0.823273,0.823273,0,2.04511e-08
91,139,77,0,0.105385,0.105385,0,2.44635e-09
92,139,77,0,0.146432,0.146432,0,3.78831e-09
104,139,77,0.0631687,0,0.0631687,1.0494e-08,0
102,140,77,0.184781,0,0.184781,3.35484e-08,0
104,140,77,0.054349,0,0.054349,9.3322e-09,0
102,141,77,0.021447,0,0.021447,4.73046e-09,0
87,142,77,0.144936,0,0.144936,1.33212e-08,0
88,142,77,0.124609,0,0.124609,1.85647e-08,0
87,143,77,0.0912541,0,0.0912541,2.1897e-09,0
88,115,78,0,18.0862,18.0862,0,1.58778e-08
89,115,78,0,15.2414,15.2414,0,1.21302e-08
106,115,78,0,51.4829,51.4829,0,3.2962e-08
85,116,78,0,0.0180109,0.0180109,0,5.03752e-10
86,116,78,0,1.13098,1.13098,0,8.2794e-09
87,116,78,0,20.5893,20.5893,0,2.96124e-08
101,116,78,0,302.515,302.515,0,3.19842e-07
103,116,78,0,20.9131,20.9131,0,1.68367e-08
104,116,78,0,13.8654,13.8654,0,1.05689e-08
108,116,78,0,1.09923,1.09923,0,4.09201e-09
86,117,78,0,2.88568,2.88568,0,3.61634e-08
98,117,78,0.0714334,0,0.0714334,3.84083e-09,0
100,117,78,0,27.0616,27.0616,0,2.77186e-08
103,117,78,0,315.471,315.471,0,2.57432e-07
107,117,78,0,6.2547,6.2547,0,2.45021e-08
108,117,78,0,2.87596,2.87596,0,1.0909e-08
109,117,78,0,3.24448,3.24448,0,1.91393e-08
110,117,78,0,0.977522,0.977522,0,5.9951e-09
88,118,78,0.0560623,0,0.0560623,1.83854e-08,0
91,118,78,0,29.416,29.416,0,2.29794e-08
100,118,78,0,36.1169,36.1169,0,4.29591e-07
104,118,78,0,40.624,40.624,0,3.54809e-08
106,118,78,0,122.365,122.365,0,1.2481e-07
107,118,78,0,17.4217,17.4217,0,2.47289e-08
108,118,78,0,5.2206,5.2206,0,2.48579e-08
109,118,78,0,4.76133,4.76133,0,2.88689e-08
110,118,78,0,0.763995,0.763995,0,4.7536e-09
87,119,78,0.0476755,0,0.0476755,5.21402e-09,0
88,119,78,0.101516,0,0.101516,2.77785e-08,0
97,119,78,0,35.6366,35.6366,0,1.00172e-07
100,119,78,0,0.135364,0.135364,0,4.59956e-09
101,119,78,0,1.10018,1.10018,0,3.71371e-08
102,119,78,0,0.387749,0.387749,0,1.29033e-08
104,119,78,0,9.54958,9.54958,0,8.25822e-09
107,119,78,0,0.861006,0.861006,0,1.06429e-08
109,119,78,0,9.84525,9.84525,0,4.07481e-08
110,119,78,0,0.353493,0.353493,0,2.49852e-09
87,120,78,0,0.883481,0.883481,0,1.01966e-08
89,120,78,0,1.98974,1.98974,0,3.82099e-09
96,120,78,0,6.52626,6.52626,0,5.347e-09
97,120,78,0,15.4564,15.4564,0,1.24502e-08
98,120,78,0,7.40017,7.40017,0,1.6293e-08
99,120,78,0,4.88131,4.88131,0,1.20136e-08
100,120,78,0,578.942,578.942,0,3.63871e-07
101,120,78,0,33.2853,33.2853,0,2.07764e-08
105,120,78,0.243691,0,0.243691,8.50971e-09,0
107,120,78,0,15.2443,15.2443,0,1.03099e-08
108,120,78,0,1.78116,1.78116,0,1.38361e-08
109,120,78,0,4.07862,4.07862,0,3.04418e-08
85,121,78,0,1.62742,1.62742,0,3.76632e-08
86,121,78,0,6.08591,6.08591,0,1.87555e-08
87,121,78,0,1.58325,1.58325,0,3.3493e-08
89,121,78,0,6.75542,6.75542,0,1.28468e-08
90,121,78,0,37.2856,37.2856,0,2.72159e-08
97,121,78,0,52.9271,52.9271,0,9.66778e-08
100,121,78,0,99.5975,99.5975,0,1.27243e-07
101,121,78,0.247462,18.9148,19.1623,1.0523e-08,1.18383e-08
104,121,78,0,26.4911,26.4911,0,4.81811e-08
107,121,78,0,10.073,10.073,0,6.83691e-09
108,121,78,0,58.2315,58.2315,0,3.96821e-08
85,122,78,0,0.527167,0.527167,0,1.25554e-08
86,122,78,0,8.87861,8.87861,0,1.4333e-08
87,122,78,0,30.8904,30.8904,0,2.39183e-08
91,122,78,0.348008,0,0.348008,1.19453e-08,0
92,122,78,0,20.0256,20.0256,0,1.4626e-08
96,122,78,1.14606e-05,0,1.14606e-05,2.75003e-13,0
97,122,78,0.222638,0,0.222638,1.00159e-08,0
99,122,78,0.427999,0,0.427999,1.49945e-08,0
101,122,78,0,344.065,344.065,0,2.1658e-07
102,122,78,0,106.188,106.188,0,8.57748e-08
89,123,78,0,0.922014,0.922014,0,2.56752e-08
93,123,78,0.153835,0,0.153835,9.20936e-09,0
96,123,78,0,0.447177,0.447177,0,1.2856e-08
97,123,78,0,0.838276,0.838276,0,2.37418e-08
99,123,78,0,59.2589,59.2589,0,2.17451e-07
100,123,78,0,34.1699,34.1699,0,6.20013e-08
102,123,78,0,25.542,25.542,0,4.64551e-08
105,123,78,0.294825,0,0.294825,9.0661e-09,0
89,124,78,0,0.360783,0.360783,0,9.6029e-09
96,124,78,0,0.298251,0.298251,0,8.99264e-09
97,124,78,0,78.7158,78.7158,0,1.4304e-07
98,124,78,0,7.60056,7.60056,0,1.69139e-07
99,124,78,0,88.0123,88.0123,0,3.02903e-07
100,124,78,0,2.81646,2.81646,0,5.04586e-09
106,124,78,0,22.031,22.031,0,1.80138e-08
107,124,78,0,24.9114,24.9114,0,2.05215e-08
94,125,78,3.76244,41.1639,44.9263,3.73844e-07,3.72073e-08
95,125,78,0,1.25648,1.25648,0,1.12229e-09
96,125,78,0,8.53384,8.53384,0,1.50199e-08
97,125,78,0.0943847,32.9213,33.0157,4.39096e-09,6.19504e-08
98,125,78,0,0.186212,0.186212,0,6.14616e-09
101,125,78,0,19.3504,19.3504,0,3.94783e-07
102,125,78,0,14.0196,14.0196,0,1.76994e-08
104,125,78,0,605.938,605.938,0,4.05675e-07
105,125,78,0,19.8283,19.8283,0,1.30779e-08
106,125,78,0,29.7541,29.7541,0,2.51306e-08
108,125,78,0,30.2613,30.2613,0,2.12537e-08
91,126,78,0.0135335,0,0.0135335,3.69398e-10,0
95,126,78,0.0073229,0,0.0073229,4.82455e-10,0
96,126,78,0.137528,6.3179,6.45542,9.05206e-09,1.14627e-08
97,126,78,0,88.9027,88.9027,0,1.61299e-07
101,126,78,0,11.0039,11.0039,0,7.73186e-09
102,126,78,0,6.83526,6.83526,0,8.63017e-09
103,126,78,0,7.33246,7.33246,0,9.92751e-09
104,126,78,0,55.0818,55.0818,0,7.63137e-08
105,126,78,0.0390263,8.73559,8.77461,9.64309e-10,6.65293e-09
106,126,78,0,5.07627,5.07627,0,4.09748e-08
107,126,78,0,19.6057,19.6057,0,3.61425e-08
108,126,78,0,0.421348,0.421348,0,1.36582e-08
79,127,78,0.294335,0,0.294335,5.02584e-08,0
91,127,78,0.127471,0,0.127471,9.39616e-09,0
98,127,78,0,257.545,257.545,0,2.56914e-07
100,127,78,0,321.76,321.76,0,2.50197e-07
101,127,78,0,9.97637,9.97637,0,7.3457e-09
102,127,78,0,77.8021,77.8021,0,9.78608e-08
103,127,78,0.000300635,23.1315,23.1318,8.16943e-12,3.58352e-08
104,127,78,0.0123809,0,0.0123809,2.70071e-09,0
106,127,78,0,0.14837,0.14837,0,4.84276e-09
107,127,78,0,13.5975,13.5975,0,1.87813e-08
108,127,78,0,0.583894,0.583894,0,1.89273e-08
97,128,78,0.0261745,0,0.0261745,6.72156e-10,0
100,128,78,0,0.30092,0.30092,0,8.05059e-09
101,128,78,0.623436,0.128399,0.751834,1.67057e-08,3.10842e-09
102,128,78,0.0973853,0,0.0973853,1.2199e-08,0
103,128,78,0.0820522,0,0.0820522,9.10223e-09,0
91,129,78,0,8.53816,8.53816,0,2.77864e-08
99,129,78,0,0.488728,0.488728,0,1.28775e-08
100,129,78,0.268335,4.23509,4.50342,1.39248e-08,1.10252e-07
101,129,78,0,0.243833,0.243833,0,5.70879e-09
103,129,78,0.284872,0,0.284872,7.27542e-09,0
89,130,78,0,3.68789,3.68789,0,3.08443e-08
90,130,78,0,11.5199,11.5199,0,3.90346e-08
95,130,78,0.103674,0,0.103674,2.53294e-09,0
100,130,78,0.0672573,612.026,612.094,1.65996e-09,3.81354e-07
102,130,78,0.396165,0,0.396165,2.51203e-08,0
90,131,78,0,6.00535,6.00535,0,6.43267e-08
92,131,78,0.0307406,0,0.0307406,2.92807e-09,0
93,131,78,0.102861,0,0.102861,9.98538e-09,0
94,131,78,0,1.66705,1.66705,0,1.13425e-08
96,131,78,0,25.2836,25.2836,0,2.40664e-08
90,132,78,0,2.56215,2.56215,0,3.25401e-08
93,132,78,0.0411751,0,0.0411751,9.88022e-10,0
95,132,78,0.0307759,18.2112,18.242,7.0548e-09,1.90627e-08
96,132,78,0,12.0192,12.0192,0,1.17782e-08
97,132,78,0,72.503,72.503,0,1.30837e-07
101,132,78,0,32.6958,32.6958,0,1.65317e-07
102,132,78,0.0126611,0,0.0126611,3.65284e-10,0
95,133,78,0,16.881,16.881,0,1.66699e-08
96,133,78,0,63.2996,63.2996,0,6.52332e-08
97,133,78,0,14.3034,14.3034,0,1.57628e-08
90,134,78,0,8.18364,8.18364,0,9.61698e-09
91,134,78,0,16.2135,16.2135,0,1.9286e-08
97,134,78,0,23.0633,23.0633,0,2.44715e-08
102,134,78,0,23.5543,23.5543,0,1.90366e-08
104,134,78,0,0.207346,0.207346,0,2.64768e-09
103,135,78,0,38.142,38.142,0,4.88547e-08
104,135,78,0,5.90239,5.90239,0,6.67154e-08
91,136,78,0,0.0368555,0.0368555,0,1.25748e-09
92,136,78,0,0.391556,0.391556,0,1.08079e-08
104,136,78,0,0.608473,0.608473,0,1.37961e-08
105,136,78,0,0.721615,0.721615,0,2.35748e-08
92,137,78,0,0.608526,0.608526,0,1.89609e-08
102,137,78,0.156915,0,0.156915,4.99359e-08,0
103,137,78,0.693477,0,0.693477,2.71823e-08,0
105,137,78,0,0.848087,0.848087,0,1.79425e-08
92,138,78,0,1.20385,1.20385,0,2.90148e-08
93,138,78,2.7028,1.74868,4.45147,7.678e-08,4.22627e-08
105,138,78,0,0.324311,0.324311,0,7.03641e-09
91,139,78,0,0.503197,0.503197,0,1.22942e-08
92,139,78,0,2.87192,2.87192,0,7.24339e-08
93,139,78,0,0.251396,0.251396,0,7.27033e-09
102,139,78,0.0422623,0,0.0422623,1.41436e-08,0
102,140,78,0.0505162,0,0.0505162,1.32677e-08,0
105,140,78,0.285996,0,0.285996,1.25461e-08,0
102,141,78,0.0532774,0,0.0532774,9.87504e-09,0
106,114,79,0,6.42388,6.42388,0,4.11889e-09
83,115,79,0.149776,0,0.149776,2.74741e-08,0
84,115,79,0.106,0,0.106,2.31723e-08,0
84,116,79,0.945085,2.20731,3.15239,5.5323e-08,5.29484e-08
85,116,79,0,2.44155,2.44155,0,5.96065e-08
86,116,79,0,1.34593,1.34593,0,4.04856e-08
103,116,79,0,7.90346,7.90346,0,6.05549e-09
104,116,79,0,1.50084,1.50084,0,1.14992e-09
81,117,79,0.019171,0,0.019171,6.76754e-09,0
82,117,79,0.0451959,0,0.0451959,1.58355e-08,0
83,117,79,0.101698,0,0.101698,3.46007e-08,0
85,117,79,0,1.94018,1.94018,0,4.93749e-08
86,117,79,0,4.67446,4.67446,0,3.84313e-08
100,117,79,0,12.2496,12.2496,0,1.1137e-08
101,117,79,0,30.6135,30.6135,0,2.82259e-08
103,117,79,0,6.67047,6.67047,0,5.44225e-09
108,117,79,0,2.01613,2.01613,0,1.00751e-08
82,118,79,0.0304969,0,0.0304969,1.09103e-08,0
87,118,79,0.110257,0,0.110257,2.64569e-09,0
91,118,79,0,24.5268,24.5268,0,1.90858e-08
100,118,79,0,12.7871,12.7871,0,1.64968e-08
101,118,79,0,11.5063,11.5063,0,1.51336e-08
108,118,79,0,5.32607,5.32607,0,2.68698e-08
109,118,79,0,3.32145,3.32145,0,1.85234e-08
90,119,79,0,74.8331,74.8331,0,5.95027e-08
97,119,79,0,5.64424,5.64424,0,1.42888e-08
100,119,79,0,0.144112,0.144112,0,4.8993e-09
102,119,79,0,0.299025,0.299025,0,9.93058e-09
103,119,79,0,0.320217,0.320217,0,1.06308e-08
108,119,79,0,0.864442,0.864442,0,7.67563e-09
109,119,79,0,9.39004,9.39004,0,6.72736e-08
92,120,79,0,6.60225,6.60225,0,4.9158e-09
96,120,79,0,26.5259,26.5259,0,2.17947e-08
97,120,79,0,26.7056,26.7056,0,3.58075e-08
98,120,79,0,6.19593,6.19593,0,1.41457e-08
100,120,79,0,37.0309,37.0309,0,2.30935e-08
101,120,79,0.063672,0,0.063672,6.20471e-09,0
103,120,79,0,7.4918,7.4918,0,2.15607e-08
105,120,79,0.112148,0,0.112148,4.5227e-09,0
107,120,79,0,39.8458,39.8458,0,2.75432e-08
108,120,79,0,23.6207,23.6207,0,1.36857e-07
109,120,79,0,5.09407,5.09407,0,4.03608e-08
90,121,79,0.00234203,0,0.00234203,5.61984e-11,0
92,121,79,0,9.42694,9.42694,0,7.03945e-09
100,121,79,0,38.866,38.866,0,8.2744e-08
102,121,79,0,8.68066,8.68066,0,2.37539e-08
103,121,79,0,14.8547,14.8547,0,4.44879e-08
108,121,79,0,3.63582,3.63582,0,3.81289e-08
109,121,79,0,2.55268,2.55268,0,2.78224e-08
89,122,79,0.0091243,0,0.0091243,2.18943e-10,0
90,122,79,0.521592,0.697891,1.21948,1.5988e-08,2.00368e-08
91,122,79,0.108849,36.3266,36.4355,8.05007e-09,2.66865e-08
92,122,79,0,4.41752,4.41752,0,3.24427e-09
98,122,79,0.109375,0,0.109375,1.02301e-08,0
99,122,79,0.0125426,0,0.0125426,3.00967e-10,0
100,122,79,0,4.63081,4.63081,0,1.53695e-08
107,122,79,0,1.45815,1.45815,0,1.54682e-08
108,122,79,0,2.21465,2.21465,0,2.543e-08
109,122,79,0,0.678871,0.678871,0,7.46061e-09
89,123,79,0,0.829686,0.829686,0,2.36896e-08
90,123,79,0,0.198973,0.198973,0,5.60243e-09
97,123,79,0,0.379807,0.379807,0,1.04401e-08
99,123,79,0,50.1991,50.1991,0,5.94418e-08
100,123,79,0,69.3547,69.3547,0,8.64661e-08
106,123,79,0,16.0091,16.0091,0,1.86342e-08
96,124,79,0,0.0664406,0.0664406,0,1.94681e-09
97,124,79,0,0.184749,0.184749,0,6.10918e-09
98,124,79,0,38.9192,38.9192,0,8.94575e-08
99,124,79,0,4.50083,4.50083,0,1.03931e-08
100,124,79,0,8.92297,8.92297,0,1.53029e-08
105,124,79,0,28.0565,28.0565,0,2.19094e-08
106,124,79,0,11.4723,11.4723,0,9.44522e-09
96,125,79,0,4.06753,4.06753,0,7.37799e-09
98,125,79,0,0.333837,0.333837,0,1.10941e-08
104,125,79,0,23.5044,23.5044,0,1.57029e-08
105,125,79,0,62.1146,62.1146,0,5.64888e-08
106,125,79,0,9.0182,9.0182,0,6.52953e-09
107,125,79,0,114.394,114.394,0,8.59266e-08
96,126,79,0,4.30826,4.30826,0,7.81659e-09
101,126,79,0,14.0227,14.0227,0,9.91866e-09
102,126,79,0,4.69823,4.69823,0,7.99462e-09
104,126,79,0,9.25908,9.25908,0,1.18293e-08
105,126,79,0,73.555,73.555,0,5.70846e-08
106,126,79,0,9.67156,9.67156,0,5.45359e-08
107,126,79,0,3.09397,3.09397,0,9.51764e-09
100,127,79,0,17.9936,17.9936,0,1.29757e-08
101,127,79,0,6.84819,6.84819,0,4.85038e-09
103,127,79,0,21.422,21.422,0,3.63718e-08
105,127,79,0,0.368065,0.368065,0,1.21382e-08
106,127,79,0,1.40822,1.40822,0,4.65269e-08
107,127,79,0,0.472141,0.472141,0,1.54456e-08
102,128,79,0,0.984045,0.984045,0,2.29992e-08
103,128,79,0,15.3494,15.3494,0,2.55884e-08
90,129,79,0,3.59103,3.59103,0,1.19366e-08
100,129,79,0.0215381,0,0.0215381,1.8789e-09,0
89,130,79,0,19.7817,19.7817,0,1.01057e-07
90,130,79,0,2.28032,2.28032,0,9.98569e-09
95,130,79,0,0.430126,0.430126,0,1.1539e-08
96,130,79,0,0.943576,0.943576,0,2.35796e-08
100,130,79,0.0140885,0,0.0140885,3.38063e-10,0
88,131,79,0,1.05726,1.05726,0,3.6828e-09
89,131,79,0,14.954,14.954,0,9.75898e-08
90,131,79,0,7.96409,7.96409,0,7.88424e-08
94,131,79,0,1.63567,1.63567,0,1.13289e-08
96,131,79,0,0.656027,0.656027,0,1.6257e-08
101,131,79,0.0150551,0,0.0150551,1.39462e-09,0
103,131,79,0,0.412699,0.412699,0,8.0704e-09
104,131,79,0,0.867953,0.867953,0,1.702e-08
94,132,79,0,3.5007,3.5007,0,2.57292e-08
95,132,79,0,24.183,24.183,0,2.57391e-08
112,132,79,0.025241,0,0.025241,8.98123e-09,0
112,133,79,0.0774001,0,0.0774001,1.81576e-08,0
104,135,79,0,0.916438,0.916438,0,3.11571e-08
104,136,79,0,1.27151,1.27151,0,4.13012e-08
102,137,79,0.0422814,0,0.0422814,1.53583e-08,0
93,138,79,0,0.917851,0.917851,0,2.14273e-08
104,138,79,0.615294,0.0217895,0.637084,1.69747e-08,6.61633e-10
105,138,79,0,0.434685,0.434685,0,9.43525e-09
106,114,80,0.00767025,23.3024,23.31,1.84152e-10,2.67593e-08
85,115,80,0.0401299,0,0.0401299,1.0989e-08,0
106,115,80,0,13.637,13.637,0,1.36695e-08
107,115,80,0,20.6214,20.6214,0,2.09338e-08
85,116,80,0,0.093488,0.093488,0,2.60225e-09
105,116,80,0,10.1757,10.1757,0,1.05473e-08
106,116,80,0,22.8615,22.8615,0,2.34799e-08
85,117,80,0,0.505778,0.505778,0,1.10624e-08
86,117,80,0,0.0950245,0.0950245,0,2.54749e-09
104,117,80,0,60.1534,60.1534,0,5.25507e-08
91,118,80,0,22.7751,22.7751,0,1.74348e-08
100,118,80,0,8.58599,8.58599,0,7.59973e-09
101,118,80,0,15.4814,15.4814,0,1.3538e-08
108,118,80,0,1.49112,1.49112,0,9.45313e-09
90,119,80,0,12.7016,12.7016,0,1.00476e-08
100,119,80,0,14.3916,14.3916,0,1.28257e-08
108,119,80,0,7.77168,7.77168,0,5.37419e-08
92,120,80,0,22.3117,22.3117,0,1.67749e-08
96,120,80,0,24.2793,24.2793,0,1.99531e-08
98,120,80,0,9.436,9.436,0,1.59536e-08
99,120,80,0,17.4768,17.4768,0,3.56182e-08
101,120,80,0,21.9023,21.9023,0,1.36569e-08
107,120,80,0,9.373,9.373,0,6.43743e-09
108,120,80,0,8.82395,8.82395,0,6.0906e-09
98,121,80,0,8.27184,8.27184,0,1.35834e-08
99,121,80,0,4.97287,4.97287,0,8.0163e-09
107,121,80,0,18.1566,18.1566,0,1.25748e-08
90,122,80,0,0.737212,0.737212,0,2.56739e-08
100,122,80,0,4.6281,4.6281,0,1.47538e-08
100,123,80,0,31.2778,31.2778,0,4.20473e-08
105,123,80,0,18.9238,18.9238,0,2.26079e-08
106,123,80,0,33.6428,33.6428,0,3.74823e-08
99,124,80,0,32.2434,32.2434,0,2.54298e-08
105,124,80,0,24.3104,24.3104,0,2.95758e-08
106,124,80,0,33.3936,33.3936,0,2.62007e-08
107,124,80,0,32.9269,32.9269,0,3.38897e-08
108,124,80,0,22.5998,22.5998,0,1.68565e-08
104,125,80,0,1.21655,1.21655,0,2.1346e-09
105,125,80,0,3.10396,3.10396,0,3.94815e-09
106,125,80,0,4.69972,4.69972,0,4.9184e-08
107,125,80,0,52.2032,52.2032,0,5.28084e-08
95,126,80,0,5.26858,5.26858,0,4.78614e-09
96,126,80,0,18.9439,18.9439,0,1.72594e-08
103,126,80,0,0.910274,0.910274,0,1.27471e-08
104,126,80,0,17.5669,17.5669,0,2.8129e-08
105,126,80,0,18.0595,18.0595,0,2.7498e-08
106,126,80,0,7.12941,7.12941,0,2.68556e-08
107,126,80,0,41.728,41.728,0,8.45015e-08
101,127,80,0,0.19742,0.19742,0,4.64726e-09
103,127,80,0,4.55176,4.55176,0,7.60406e-09
106,127,80,0,0.366395,0.366395,0,1.20342e-08
107,127,80,0,0.1468,0.1468,0,4.96461e-09
108,127,80,0,0.13494,0.13494,0,4.51445e-09
101,128,80,0,1.27464,1.27464,0,2.99266e-08
102,128,80,0,0.151154,0.151154,0,3.54599e-09
102,129,80,0,1.52554,1.52554,0,3.50661e-08
103,129,80,0,0.418635,0.418635,0,9.53257e-09
90,130,80,0,5.00734,5.00734,0,2.28548e-08
91,130,80,0,2.01036,2.01036,0,9.41318e-09
92,130,80,0,0.357426,0.357426,0,7.2381e-09
95,130,80,0,1.01388,1.01388,0,2.89276e-08
96,130,80,0,0.24318,0.24318,0,7.17583e-09
103,130,80,0,2.2035,2.2035,0,4.67897e-08
104,130,80,0,0.398343,0.398343,0,7.7883e-09
90,131,80,0,4.65647,4.65647,0,3.17405e-08
91,131,80,0,2.66049,2.66049,0,2.05641e-08
93,131,80,0,0.17882,0.17882,0,5.72287e-09
94,131,80,0.173143,2.74811,2.92126,5.6869e-09,6.95879e-08
95,131,80,0,4.98758,4.98758,0,8.33782e-08
96,131,80,0,0.915674,0.915674,0,2.30137e-08
103,131,80,0,3.26622,3.26622,0,6.73146e-08
104,131,80,0,1.26132,1.26132,0,2.71826e-08
91,132,80,0,0.561225,0.561225,0,7.30315e-09
92,132,80,0,3.25781,3.25781,0,4.64678e-08
93,132,80,0,0.690803,0.690803,0,1.35968e-08
94,132,80,0,1.40476,1.40476,0,1.14411e-08
95,132,80,0,1.63802,1.63802,0,1.71999e-08
96,132,80,0,0.789631,0.789631,0,1.93508e-08
102,132,80,0,0.321453,0.321453,0,6.70632e-09
103,132,80,0,3.62884,3.62884,0,7.77495e-08
104,132,80,0,0.682469,0.682469,0,1.43159e-08
104,133,80,0,1.37064,1.37064,0,2.96859e-08
111,133,80,0.064957,0,0.064957,1.67918e-08,0
112,133,80,0.125673,0,0.125673,2.44122e-08,0
104,134,80,0,0.775727,0.775727,0,1.77006e-08
105,134,80,0,0.655204,0.655204,0,1.57241e-08
105,114,81,0,0.278889,0.278889,0,9.3137e-09
104,115,81,0,0.632123,0.632123,0,1.87614e-08
105,115,81,0,1.22787,1.22787,0,3.88344e-08
106,115,81,0,20.9899,20.9899,0,2.12007e-08
105,116,81,0,11.0304,11.0304,0,1.18657e-08
91,118,81,0,3.76347,3.76347,0,2.87498e-09
97,119,81,0,13.1234,13.1234,0,1.09722e-08
98,119,81,0,8.63232,8.63232,0,7.54964e-09
108,119,81,0,4.939,4.939,0,2.71913e-08
92,120,81,0,52.4155,52.4155,0,3.99484e-08
98,120,81,0,13.4568,13.4568,0,2.15629e-08
99,120,81,0,5.88816,5.88816,0,1.33881e-08
102,120,81,0,0.464722,0.464722,0,1.35169e-08
103,120,81,0,1.28528,1.28528,0,4.2207e-08
107,120,81,0,10.0904,10.0904,0,1.71402e-08
108,120,81,0,4.9051,4.9051,0,2.18136e-08
99,121,81,0,3.00494,3.00494,0,8.50057e-09
100,121,81,0,4.27979,4.27979,0,1.27697e-08
102,121,81,0,4.19366,4.19366,0,4.12611e-08
103,121,81,0,0.608551,0.608551,0,7.19047e-09
107,121,81,0,27.7635,27.7635,0,2.73532e-08
95,122,81,0,1.2341,1.2341,0,2.92695e-08
99,122,81,0,5.56144,5.56144,0,1.68849e-08
100,122,81,0,0.963602,0.963602,0,2.98632e-09
96,123,81,0,0.402476,0.402476,0,1.25244e-08
97,123,81,0,0.565931,0.565931,0,1.714e-08
107,123,81,0,16.0536,16.0536,0,1.31936e-08
106,124,81,0,9.8353,9.8353,0,9.91479e-09
107,124,81,0,13.8042,13.8042,0,1.44404e-08
96,125,81,0,17.92,17.92,0,2.16161e-08
106,125,81,0,0.357662,0.357662,0,1.20086e-08
107,125,81,0,3.95314,3.95314,0,5.66959e-08
103,126,81,0,3.92388,3.92388,0,1.55302e-08
104,126,81,0,2.78172,2.78172,0,1.01717e-08
105,126,81,0,8.64223,8.64223,0,1.94114e-08
106,126,81,0,42.4589,42.4589,0,3.55537e-08
107,126,81,0,2.27331,2.27331,0,4.30018e-08
108,126,81,0,0.271538,0.271538,0,9.08988e-09
102,127,81,0,1.15827,1.15827,0,2.7274e-08
103,127,81,0,1.28583,1.28583,0,3.23636e-08
104,127,81,0,0.996475,0.996475,0,1.57648e-08
107,127,81,0,0.309149,0.309149,0,1.04117e-08
108,127,81,0,1.23522,1.23522,0,4.13705e-08
102,128,81,0,0.117822,0.117822,0,2.79921e-09
103,128,81,0,0.277784,0.277784,0,8.80604e-09
92,130,81,0,0.696894,0.696894,0,1.68038e-08
103,130,81,0,0.344657,0.344657,0,7.81083e-09
104,130,81,0,0.729145,0.729145,0,1.42401e-08
105,130,81,0,0.707737,0.707737,0,1.38245e-08
90,131,81,0,1.55832,1.55832,0,9.41246e-09
91,131,81,0,2.16937,2.16937,0,2.95865e-08
92,131,81,0,1.47595,1.47595,0,2.95886e-08
93,131,81,0,0.876013,0.876013,0,1.72583e-08
94,131,81,0,1.66292,1.66292,0,5.19801e-08
95,131,81,0.43719,0.308636,0.745825,3.22109e-08,9.89218e-09
102,131,81,0,0.527647,0.527647,0,1.19436e-08
103,131,81,0,0.504952,0.504952,0,1.11289e-08
104,131,81,0,3.3459,3.3459,0,6.91133e-08
105,131,81,0,0.550961,0.550961,0,1.07577e-08
92,132,81,0,1.25536,1.25536,0,2.15237e-08
94,132,81,0,1.99365,1.99365,0,3.48801e-08
95,132,81,0,3.72991,3.72991,0,9.88498e-08
96,132,81,0.447733,1.13188,1.57961,1.33824e-08,3.21206e-08
103,132,81,0,2.46822,2.46822,0,4.86839e-08
104,132,81,0,3.57718,3.57718,0,7.13222e-08
105,132,81,0.686571,0.849018,1.53559,2.90684e-08,2.09983e-08
94,133,81,0,1.3769,1.3769,0,2.68866e-08
95,133,81,0,1.87922,1.87922,0,4.48529e-08
96,133,81,0,1.19666,1.19666,0,3.48855e-08
103,133,81,0,1.51175,1.51175,0,3.06394e-08
104,133,81,0,1.21005,1.21005,0,3.16764e-08
105,133,81,0,0.808923,0.808923,0,1.95357e-08
106,133,81,0,0.089452,0.089452,0,2.1196e-09
104,134,81,0,1.13502,1.13502,0,2.91855e-08
105,134,81,0,0.510963,0.510963,0,1.22671e-08
103,114,82,0,0.987758,0.987758,0,2.22422e-08
105,114,82,0,0.227787,0.227787,0,7.62968e-09
103,115,82,0,1.3415,1.3415,0,3.49054e-08
104,115,82,0,0.232244,0.232244,0,6.95751e-09
105,115,82,0,1.78563,1.78563,0,5.09381e-08
105,116,82,0,8.19936,8.19936,0,3.15041e-08
98,119,82,0,12.1466,12.1466,0,1.85532e-08
106,119,82,0.0468255,0,0.0468255,1.5911e-08,0
107,119,82,0.00754438,0,0.00754438,2.50004e-09,0
94,120,82,0,0.36892,0.36892,0,8.97849e-09
98,120,82,0,6.44018,6.44018,0,6.82497e-09
107,120,82,0.106573,0,0.106573,2.30168e-08,0
96,121,82,0,0.501445,0.501445,0,1.44002e-08
108,121,82,0.193556,0,0.193556,5.19867e-09,0
95,122,82,0,0.952015,0.952015,0,2.30703e-08
96,122,82,0,1.49104,1.49104,0,4.22936e-08
95,123,82,0,0.836338,0.836338,0,1.75521e-08
96,123,82,0,0.327778,0.327778,0,1.03272e-08
97,123,82,0,2.89618,2.89618,0,4.52925e-08
107,123,82,0,6.50562,6.50562,0,5.54556e-09
96,124,82,0,0.737882,0.737882,0,2.44255e-08
97,124,82,0,6.93009,6.93009,0,4.29823e-08
97,125,82,0,4.26981,4.26981,0,6.85037e-09
104,126,82,0,2.15337,2.15337,0,2.07492e-08
105,126,82,0,4.33519,4.33519,0,1.86298e-08
102,127,82,0,1.25348,1.25348,0,3.57961e-08
103,127,82,0,9.7552,9.7552,0,5.25212e-08
105,127,82,0,52.3907,52.3907,0,4.04237e-08
106,127,82,0.157394,0,0.157394,5.34201e-09,0
102,128,82,0,1.13339,1.13339,0,3.25621e-08
103,128,82,0,1.51545,1.51545,0,4.44352e-08
104,128,82,0,7.02232,7.02232,0,7.84787e-09
91,130,82,0,0.345041,0.345041,0,9.83854e-09
92,130,82,0,0.952238,0.952238,0,2.98361e-08
93,130,82,0,0.782393,0.782393,0,2.38728e-08
106,130,82,0.0801707,0,0.0801707,2.54737e-08,0
91,131,82,0,1.68569,1.68569,0,4.66983e-08
92,131,82,0,1.50197,1.50197,0,4.17011e-08
95,131,82,0.0913351,0,0.0913351,2.63577e-08,0
106,131,82,0.172009,0,0.172009,2.84912e-08,0
92,132,82,0,0.667957,0.667957,0,1.42741e-08
96,132,82,0.00598457,0,0.00598457,1.97435e-09,0
105,132,82,0,1.42221,1.42221,0,3.78903e-08
106,132,82,0.158793,0.132206,0.290999,2.63298e-08,3.95195e-09
107,132,82,0.019753,0,0.019753,6.00176e-09,0
105,133,82,0,0.908869,0.908869,0,2.32677e-08
106,133,82,0,0.906221,0.906221,0,2.30911e-08
104,134,82,0,1.17084,1.17084,0,2.86676e-08
105,134,82,0,1.22963,1.22963,0,2.80299e-08
103,113,83,0,2.10884,2.10884,0,5.19863e-08
104,113,83,0,0.743727,0.743727,0,1.84421e-08
103,114,83,0,1.90088,1.90088,0,4.15729e-08
104,114,83,0,1.48359,1.48359,0,3.55408e-08
103,115,83,0,0.538421,0.538421,0,1.23325e-08
105,115,83,0.704338,0,0.704338,3.41459e-08,0
105,117,83,0.0327613,0,0.0327613,6.13265e-09,0
106,117,83,0.0728617,0,0.0728617,2.48138e-08,0
105,118,83,0.0600851,0,0.0600851,1.48431e-08,0
106,118,83,0.00539404,0,0.00539404,1.86129e-09,0
106,119,83,0.0364439,0,0.0364439,1.30682e-08,0
107,119,83,0.0496612,0,0.0496612,1.73731e-08,0
94,120,83,0,0.984462,0.984462,0,2.20545e-08
107,120,83,0.0293303,0,0.0293303,6.09291e-09,0
93,121,83,0,1.13035,1.13035,0,2.48189e-08
94,121,83,0,0.909493,0.909493,0,1.78873e-08
94,122,83,0,1.61875,1.61875,0,3.21107e-08
95,122,83,0,0.67145,0.67145,0,1.30832e-08
94,123,83,0,0.142382,0.142382,0,2.96425e-09
100,126,83,0.0674058,0,0.0674058,1.84589e-08,0
103,126,83,0,1.36325,1.36325,0,3.83121e-08
102,127,83,0,0.176103,0.176103,0,5.44278e-09
103,127,83,0,0.0696988,0.0696988,0,8.95934e-10
104,127,83,0,11.4373,11.4373,0,1.54952e-08
103,128,83,0,3.27303,3.27303,0,6.45432e-09
105,128,83,0.0866461,0,0.0866461,2.75324e-08,0
106,128,83,0.0504612,0,0.0504612,1.63798e-08,0
105,129,83,0.0254186,0,0.0254186,9.17614e-09,0
91,131,83,0,0.559472,0.559472,0,1.57839e-08
92,131,83,0,0.273365,0.273365,0,7.7e-09
105,132,83,0.0344119,0,0.0344119,5.65289e-09,0
106,132,83,0.271103,0,0.271103,2.20899e-08,0
107,132,83,0.0805771,0,0.0805771,1.87603e-08,0
106,133,83,0,0.295423,0.295423,0,7.299e-09
104,114,84,0.961981,2.15796,3.11994,2.6539e-08,5.32442e-08
93,116,84,0.112521,0,0.112521,1.98949e-08,0
92,117,84,0.0933809,0,0.0933809,8.72348e-09,0
93,117,84,0.0697119,0,0.0697119,1.1584e-08,0
94,117,84,0.0724544,0,0.0724544,2.40559e-08,0
93,118,84,0.279131,0,0.279131,2.89512e-08,0
94,120,84,0.78422,0.292916,1.07714,8.82054e-08,7.20545e-09
94,121,84,0.00628171,0,0.00628171,1.879e-10,0
92,122,84,0.264282,0,0.264282,6.81706e-08,0
99,125,84,0.367368,0,0.367368,5.14028e-08,0
99,126,84,0.022266,0,0.022266,7.93521e-09,0
103,126,84,0,0.260391,0.260391,0,7.03306e-09
104,126,84,0,1.35408,1.35408,0,3.28983e-08
106,128,84,0.0106962,0,0.0106962,3.62303e-09,0
93,116,85,0.147659,0,0.147659,2.75613e-08,0
92,117,85,1.61548,0,1.61548,4.43175e-08,0
93,117,85,0.0708641,0,0.0708641,1.70592e-08,0
93,120,85,0.078295,0,0.078295,2.77039e-08,0
92,122,85,0.0599557,0,0.0599557,1.40369e-08,0
103,126,85,2.26447,0.596967,2.86144,6.95238e-08,1.47038e-08
93,116,86,0.0751774,0,0.0751774,1.42113e-08,0
93,117,86,0.0384256,0,0.0384256,9.64244e-09,0
93,118,86,0.0417849,0,0.0417849,1.00589e-08,0
94,119,86,0.0324336,0,0.0324336,9.08788e-09,0
94,119,87,0.115608,0,0.115608,4.09537e-08,0
